subject,session,target
sub-138950,ses-1,0
sub-138950,ses-2,0
sub-19861,ses-2,1
sub-20139,ses-2,0
sub-20139,ses-3,1
sub-20149,ses-2,0
sub-20149,ses-3,0
sub-20188,ses-2,0
sub-20188,ses-3,0
sub-20214,ses-2,0
sub-20214,ses-3,0
sub-20238,ses-2,0
sub-20252,ses-2,0
sub-20253,ses-2,0
sub-20253,ses-3,0
sub-20258,ses-2,1
sub-20259,ses-2,0
sub-20259,ses-3,0
sub-20302,ses-2,0
sub-20303,ses-2,0
sub-20303,ses-3,0
sub-20305,ses-2,1
sub-20310,ses-3,0
sub-20328,ses-2,0
sub-20399,ses-2,0
sub-20427,ses-2,0
sub-20463,ses-2,0
sub-20494,ses-2,0
sub-20494,ses-3,0
sub-20533,ses-2,1
sub-20572,ses-2,0
sub-20626,ses-2,0
sub-20691,ses-2,0
sub-20712,ses-2,0
sub-20712,ses-3,0
sub-20721,ses-2,1
sub-20721,ses-3,0
sub-20818,ses-1,1
sub-20818,ses-2,1
sub-20823,ses-2,0
sub-20836,ses-2,0
sub-20846,ses-1,0
sub-20855,ses-1,0
sub-20865,ses-2,0
sub-20866,ses-2,0
sub-20902,ses-1,0
sub-20902,ses-2,0
sub-20902,ses-3,1
sub-20916,ses-2,0
sub-20916,ses-3,0
sub-20936,ses-2,0
sub-20953,ses-1,0
sub-20953,ses-2,0
sub-20961,ses-2,0
sub-20964,ses-1,0
sub-20966,ses-1,0
sub-20966,ses-2,0
sub-20966,ses-3,0
sub-20968,ses-1,0
sub-20968,ses-2,0
sub-20968,ses-3,0
sub-20976,ses-1,0
sub-20976,ses-2,0
sub-20976,ses-3,0
sub-20983,ses-2,0
sub-21023,ses-1,0
sub-21023,ses-2,0
sub-21035,ses-1,0
sub-21035,ses-2,0
sub-21035,ses-3,0
sub-21038,ses-1,0
sub-21038,ses-2,0
sub-21050,ses-1,0
sub-21104,ses-1,0
sub-21104,ses-2,0
sub-21112,ses-1,0
sub-21112,ses-2,0
sub-21116,ses-1,1
sub-21118,ses-1,1
sub-21118,ses-2,1
sub-21124,ses-1,0
sub-21139,ses-1,0
sub-21139,ses-2,0
sub-21141,ses-2,0
sub-21146,ses-1,0
sub-21150,ses-1,0
sub-21154,ses-2,0
sub-21161,ses-2,0
sub-21161,ses-3,0
sub-21193,ses-2,0
sub-21197,ses-1,0
sub-21224,ses-1,0
sub-21325,ses-2,0
sub-21345,ses-1,0
sub-21432,ses-1,0
sub-21493,ses-1,0
sub-21493,ses-2,0
sub-21514,ses-1,0
sub-21516,ses-1,0
sub-21516,ses-2,0
sub-21560,ses-1,0
sub-21560,ses-2,0
sub-21567,ses-1,0
sub-21568,ses-1,0
sub-21623,ses-1,0
sub-21623,ses-2,0
sub-21712,ses-1,0
sub-21712,ses-2,0
sub-21738,ses-1,0
sub-21797,ses-1,0
sub-21827,ses-1,1
sub-21855,ses-1,0
sub-21855,ses-2,0
sub-21856,ses-1,0
sub-22064,ses-1,0
sub-22064,ses-2,0
sub-22169,ses-1,0
sub-22473,ses-1,1
sub-22473,ses-2,1
sub-22510,ses-1,0
sub-22510,ses-2,0
sub-22520,ses-1,0
sub-22617,ses-1,0
sub-22617,ses-2,0
sub-22618,ses-2,0
sub-22654,ses-1,0
sub-22654,ses-2,1
sub-22670,ses-1,0
sub-22744,ses-1,0
sub-22797,ses-1,0
sub-23303,ses-1,0
sub-23676,ses-1,1
sub-23698,ses-1,0
