subject,session,target,fmri_file,file_present
sub-138950,ses-1,0,sub-138950/ses-1/func/sub-138950_ses-1_task-rest_run-01_bold.nii.gz,True
sub-138950,ses-2,0,sub-138950/ses-2/func/sub-138950_ses-2_task-rest_run-01_bold.nii.gz,False
sub-19861,ses-2,1,sub-19861/ses-2/func/sub-19861_ses-2_task-rest_run-01_bold.nii.gz,True
sub-20139,ses-2,0,sub-20139/ses-2/func/sub-20139_ses-2_task-rest_run-01_bold.nii.gz,True
sub-20139,ses-3,1,sub-20139/ses-3/func/sub-20139_ses-3_task-rest_run-01_bold.nii.gz,True
sub-20149,ses-2,0,sub-20149/ses-2/func/sub-20149_ses-2_task-rest_run-01_bold.nii.gz,True
sub-20149,ses-3,0,sub-20149/ses-3/func/sub-20149_ses-3_task-rest_run-01_bold.nii.gz,True
sub-20188,ses-2,0,sub-20188/ses-2/func/sub-20188_ses-2_task-rest_run-01_bold.nii.gz,True
sub-20188,ses-3,0,sub-20188/ses-3/func/sub-20188_ses-3_task-rest_run-01_bold.nii.gz,False
sub-20214,ses-2,0,sub-20214/ses-2/func/sub-20214_ses-2_task-rest_run-01_bold.nii.gz,True
sub-20214,ses-3,0,sub-20214/ses-3/func/sub-20214_ses-3_task-rest_run-01_bold.nii.gz,True
sub-20238,ses-2,0,sub-20238/ses-2/func/sub-20238_ses-2_task-rest_run-01_bold.nii.gz,True
sub-20252,ses-2,0,sub-20252/ses-2/func/sub-20252_ses-2_task-rest_run-01_bold.nii.gz,True
sub-20253,ses-2,0,sub-20253/ses-2/func/sub-20253_ses-2_task-rest_run-01_bold.nii.gz,True
sub-20253,ses-3,0,sub-20253/ses-3/func/sub-20253_ses-3_task-rest_run-01_bold.nii.gz,True
sub-20258,ses-2,1,sub-20258/ses-2/func/sub-20258_ses-2_task-rest_run-01_bold.nii.gz,True
sub-20259,ses-2,0,sub-20259/ses-2/func/sub-20259_ses-2_task-rest_run-01_bold.nii.gz,True
sub-20259,ses-3,0,sub-20259/ses-3/func/sub-20259_ses-3_task-rest_run-01_bold.nii.gz,False
sub-20302,ses-2,0,sub-20302/ses-2/func/sub-20302_ses-2_task-rest_run-01_bold.nii.gz,True
sub-20303,ses-2,0,sub-20303/ses-2/func/sub-20303_ses-2_task-rest_run-01_bold.nii.gz,True
sub-20303,ses-3,0,sub-20303/ses-3/func/sub-20303_ses-3_task-rest_run-01_bold.nii.gz,True
sub-20305,ses-2,1,sub-20305/ses-2/func/sub-20305_ses-2_task-rest_run-01_bold.nii.gz,True
sub-20310,ses-3,0,sub-20310/ses-3/func/sub-20310_ses-3_task-rest_run-01_bold.nii.gz,True
sub-20328,ses-2,0,sub-20328/ses-2/func/sub-20328_ses-2_task-rest_run-01_bold.nii.gz,True
sub-20399,ses-2,0,sub-20399/ses-2/func/sub-20399_ses-2_task-rest_run-01_bold.nii.gz,True
sub-20427,ses-2,0,sub-20427/ses-2/func/sub-20427_ses-2_task-rest_run-01_bold.nii.gz,True
sub-20463,ses-2,0,sub-20463/ses-2/func/sub-20463_ses-2_task-rest_run-01_bold.nii.gz,True
sub-20494,ses-2,0,sub-20494/ses-2/func/sub-20494_ses-2_task-rest_run-01_bold.nii.gz,True
sub-20494,ses-3,0,sub-20494/ses-3/func/sub-20494_ses-3_task-rest_run-01_bold.nii.gz,True
sub-20533,ses-2,1,sub-20533/ses-2/func/sub-20533_ses-2_task-rest_run-01_bold.nii.gz,True
sub-20572,ses-2,0,sub-20572/ses-2/func/sub-20572_ses-2_task-rest_run-01_bold.nii.gz,True
sub-20626,ses-2,0,sub-20626/ses-2/func/sub-20626_ses-2_task-rest_run-01_bold.nii.gz,True
sub-20691,ses-2,0,sub-20691/ses-2/func/sub-20691_ses-2_task-rest_run-01_bold.nii.gz,True
sub-20712,ses-2,0,sub-20712/ses-2/func/sub-20712_ses-2_task-rest_run-01_bold.nii.gz,True
sub-20712,ses-3,0,sub-20712/ses-3/func/sub-20712_ses-3_task-rest_run-01_bold.nii.gz,True
sub-20721,ses-2,1,sub-20721/ses-2/func/sub-20721_ses-2_task-rest_run-01_bold.nii.gz,True
sub-20721,ses-3,0,sub-20721/ses-3/func/sub-20721_ses-3_task-rest_run-01_bold.nii.gz,True
sub-20818,ses-1,1,sub-20818/ses-1/func/sub-20818_ses-1_task-rest_run-01_bold.nii.gz,False
sub-20818,ses-2,1,sub-20818/ses-2/func/sub-20818_ses-2_task-rest_run-01_bold.nii.gz,True
sub-20823,ses-2,0,sub-20823/ses-2/func/sub-20823_ses-2_task-rest_run-01_bold.nii.gz,True
sub-20836,ses-2,0,sub-20836/ses-2/func/sub-20836_ses-2_task-rest_run-01_bold.nii.gz,True
sub-20846,ses-1,0,sub-20846/ses-1/func/sub-20846_ses-1_task-rest_run-01_bold.nii.gz,True
sub-20855,ses-1,0,sub-20855/ses-1/func/sub-20855_ses-1_task-rest_run-01_bold.nii.gz,True
sub-20865,ses-2,0,sub-20865/ses-2/func/sub-20865_ses-2_task-rest_run-01_bold.nii.gz,True
sub-20866,ses-2,0,sub-20866/ses-2/func/sub-20866_ses-2_task-rest_run-01_bold.nii.gz,True
sub-20902,ses-1,0,sub-20902/ses-1/func/sub-20902_ses-1_task-rest_run-01_bold.nii.gz,True
sub-20902,ses-2,0,sub-20902/ses-2/func/sub-20902_ses-2_task-rest_run-01_bold.nii.gz,True
sub-20902,ses-3,1,sub-20902/ses-3/func/sub-20902_ses-3_task-rest_run-01_bold.nii.gz,False
sub-20916,ses-2,0,sub-20916/ses-2/func/sub-20916_ses-2_task-rest_run-01_bold.nii.gz,True
sub-20916,ses-3,0,sub-20916/ses-3/func/sub-20916_ses-3_task-rest_run-01_bold.nii.gz,True
sub-20936,ses-2,0,sub-20936/ses-2/func/sub-20936_ses-2_task-rest_run-01_bold.nii.gz,True
sub-20953,ses-1,0,sub-20953/ses-1/func/sub-20953_ses-1_task-rest_run-01_bold.nii.gz,True
sub-20953,ses-2,0,sub-20953/ses-2/func/sub-20953_ses-2_task-rest_run-01_bold.nii.gz,True
sub-20961,ses-2,0,sub-20961/ses-2/func/sub-20961_ses-2_task-rest_run-01_bold.nii.gz,True
sub-20964,ses-1,0,sub-20964/ses-1/func/sub-20964_ses-1_task-rest_run-01_bold.nii.gz,False
sub-20966,ses-1,0,sub-20966/ses-1/func/sub-20966_ses-1_task-rest_run-01_bold.nii.gz,True
sub-20966,ses-2,0,sub-20966/ses-2/func/sub-20966_ses-2_task-rest_run-01_bold.nii.gz,True
sub-20966,ses-3,0,sub-20966/ses-3/func/sub-20966_ses-3_task-rest_run-01_bold.nii.gz,True
sub-20968,ses-1,0,sub-20968/ses-1/func/sub-20968_ses-1_task-rest_run-01_bold.nii.gz,True
sub-20968,ses-2,0,sub-20968/ses-2/func/sub-20968_ses-2_task-rest_run-01_bold.nii.gz,True
sub-20968,ses-3,0,sub-20968/ses-3/func/sub-20968_ses-3_task-rest_run-01_bold.nii.gz,True
sub-20976,ses-1,0,sub-20976/ses-1/func/sub-20976_ses-1_task-rest_run-01_bold.nii.gz,True
sub-20976,ses-2,0,sub-20976/ses-2/func/sub-20976_ses-2_task-rest_run-01_bold.nii.gz,True
sub-20976,ses-3,0,sub-20976/ses-3/func/sub-20976_ses-3_task-rest_run-01_bold.nii.gz,False
sub-20983,ses-2,0,sub-20983/ses-2/func/sub-20983_ses-2_task-rest_run-01_bold.nii.gz,True
sub-21023,ses-1,0,sub-21023/ses-1/func/sub-21023_ses-1_task-rest_run-01_bold.nii.gz,True
sub-21023,ses-2,0,sub-21023/ses-2/func/sub-21023_ses-2_task-rest_run-01_bold.nii.gz,True
sub-21035,ses-1,0,sub-21035/ses-1/func/sub-21035_ses-1_task-rest_run-01_bold.nii.gz,True
sub-21035,ses-2,0,sub-21035/ses-2/func/sub-21035_ses-2_task-rest_run-01_bold.nii.gz,True
sub-21035,ses-3,0,sub-21035/ses-3/func/sub-21035_ses-3_task-rest_run-01_bold.nii.gz,True
sub-21038,ses-1,0,sub-21038/ses-1/func/sub-21038_ses-1_task-rest_run-01_bold.nii.gz,True
sub-21038,ses-2,0,sub-21038/ses-2/func/sub-21038_ses-2_task-rest_run-01_bold.nii.gz,True
sub-21050,ses-1,0,sub-21050/ses-1/func/sub-21050_ses-1_task-rest_run-01_bold.nii.gz,True
sub-21104,ses-1,0,sub-21104/ses-1/func/sub-21104_ses-1_task-rest_run-01_bold.nii.gz,True
sub-21104,ses-2,0,sub-21104/ses-2/func/sub-21104_ses-2_task-rest_run-01_bold.nii.gz,True
sub-21112,ses-1,0,sub-21112/ses-1/func/sub-21112_ses-1_task-rest_run-01_bold.nii.gz,True
sub-21112,ses-2,0,sub-21112/ses-2/func/sub-21112_ses-2_task-rest_run-01_bold.nii.gz,True
sub-21116,ses-1,1,sub-21116/ses-1/func/sub-21116_ses-1_task-rest_run-01_bold.nii.gz,True
sub-21118,ses-1,1,sub-21118/ses-1/func/sub-21118_ses-1_task-rest_run-01_bold.nii.gz,False
sub-21118,ses-2,1,sub-21118/ses-2/func/sub-21118_ses-2_task-rest_run-01_bold.nii.gz,True
sub-21124,ses-1,0,sub-21124/ses-1/func/sub-21124_ses-1_task-rest_run-01_bold.nii.gz,True
sub-21139,ses-1,0,sub-21139/ses-1/func/sub-21139_ses-1_task-rest_run-01_bold.nii.gz,True
sub-21139,ses-2,0,sub-21139/ses-2/func/sub-21139_ses-2_task-rest_run-01_bold.nii.gz,True
sub-21141,ses-2,0,sub-21141/ses-2/func/sub-21141_ses-2_task-rest_run-01_bold.nii.gz,True
sub-21146,ses-1,0,sub-21146/ses-1/func/sub-21146_ses-1_task-rest_run-01_bold.nii.gz,True
sub-21150,ses-1,0,sub-21150/ses-1/func/sub-21150_ses-1_task-rest_run-01_bold.nii.gz,True
sub-21154,ses-2,0,sub-21154/ses-2/func/sub-21154_ses-2_task-rest_run-01_bold.nii.gz,True
sub-21161,ses-2,0,sub-21161/ses-2/func/sub-21161_ses-2_task-rest_run-01_bold.nii.gz,True
sub-21161,ses-3,0,sub-21161/ses-3/func/sub-21161_ses-3_task-rest_run-01_bold.nii.gz,True
sub-21193,ses-2,0,sub-21193/ses-2/func/sub-21193_ses-2_task-rest_run-01_bold.nii.gz,True
sub-21197,ses-1,0,sub-21197/ses-1/func/sub-21197_ses-1_task-rest_run-01_bold.nii.gz,False
sub-21224,ses-1,0,sub-21224/ses-1/func/sub-21224_ses-1_task-rest_run-01_bold.nii.gz,True
sub-21325,ses-2,0,sub-21325/ses-2/func/sub-21325_ses-2_task-rest_run-01_bold.nii.gz,True
sub-21345,ses-1,0,sub-21345/ses-1/func/sub-21345_ses-1_task-rest_run-01_bold.nii.gz,True
sub-21432,ses-1,0,sub-21432/ses-1/func/sub-21432_ses-1_task-rest_run-01_bold.nii.gz,True
sub-21493,ses-1,0,sub-21493/ses-1/func/sub-21493_ses-1_task-rest_run-01_bold.nii.gz,True
sub-21493,ses-2,0,sub-21493/ses-2/func/sub-21493_ses-2_task-rest_run-01_bold.nii.gz,True
sub-21514,ses-1,0,sub-21514/ses-1/func/sub-21514_ses-1_task-rest_run-01_bold.nii.gz,True
sub-21516,ses-1,0,sub-21516/ses-1/func/sub-21516_ses-1_task-rest_run-01_bold.nii.gz,True
sub-21516,ses-2,0,sub-21516/ses-2/func/sub-21516_ses-2_task-rest_run-01_bold.nii.gz,True
sub-21560,ses-1,0,sub-21560/ses-1/func/sub-21560_ses-1_task-rest_run-01_bold.nii.gz,True
sub-21560,ses-2,0,sub-21560/ses-2/func/sub-21560_ses-2_task-rest_run-01_bold.nii.gz,True
sub-21567,ses-1,0,sub-21567/ses-1/func/sub-21567_ses-1_task-rest_run-01_bold.nii.gz,False
sub-21568,ses-1,0,sub-21568/ses-1/func/sub-21568_ses-1_task-rest_run-01_bold.nii.gz,True
sub-21623,ses-1,0,sub-21623/ses-1/func/sub-21623_ses-1_task-rest_run-01_bold.nii.gz,True
sub-21623,ses-2,0,sub-21623/ses-2/func/sub-21623_ses-2_task-rest_run-01_bold.nii.gz,False
sub-21712,ses-1,0,sub-21712/ses-1/func/sub-21712_ses-1_task-rest_run-01_bold.nii.gz,True
sub-21712,ses-2,0,sub-21712/ses-2/func/sub-21712_ses-2_task-rest_run-01_bold.nii.gz,False
sub-21738,ses-1,0,sub-21738/ses-1/func/sub-21738_ses-1_task-rest_run-01_bold.nii.gz,True
sub-21797,ses-1,0,sub-21797/ses-1/func/sub-21797_ses-1_task-rest_run-01_bold.nii.gz,True
sub-21827,ses-1,1,sub-21827/ses-1/func/sub-21827_ses-1_task-rest_run-01_bold.nii.gz,True
sub-21855,ses-1,0,sub-21855/ses-1/func/sub-21855_ses-1_task-rest_run-01_bold.nii.gz,True
sub-21855,ses-2,0,sub-21855/ses-2/func/sub-21855_ses-2_task-rest_run-01_bold.nii.gz,True
sub-21856,ses-1,0,sub-21856/ses-1/func/sub-21856_ses-1_task-rest_run-01_bold.nii.gz,True
sub-22064,ses-1,0,sub-22064/ses-1/func/sub-22064_ses-1_task-rest_run-01_bold.nii.gz,True
sub-22064,ses-2,0,sub-22064/ses-2/func/sub-22064_ses-2_task-rest_run-01_bold.nii.gz,False
sub-22169,ses-1,0,sub-22169/ses-1/func/sub-22169_ses-1_task-rest_run-01_bold.nii.gz,False
sub-22473,ses-1,1,sub-22473/ses-1/func/sub-22473_ses-1_task-rest_run-01_bold.nii.gz,True
sub-22473,ses-2,1,sub-22473/ses-2/func/sub-22473_ses-2_task-rest_run-01_bold.nii.gz,False
sub-22510,ses-1,0,sub-22510/ses-1/func/sub-22510_ses-1_task-rest_run-01_bold.nii.gz,True
sub-22510,ses-2,0,sub-22510/ses-2/func/sub-22510_ses-2_task-rest_run-01_bold.nii.gz,False
sub-22520,ses-1,0,sub-22520/ses-1/func/sub-22520_ses-1_task-rest_run-01_bold.nii.gz,True
sub-22617,ses-1,0,sub-22617/ses-1/func/sub-22617_ses-1_task-rest_run-01_bold.nii.gz,True
sub-22617,ses-2,0,sub-22617/ses-2/func/sub-22617_ses-2_task-rest_run-01_bold.nii.gz,False
sub-22618,ses-2,0,sub-22618/ses-2/func/sub-22618_ses-2_task-rest_run-01_bold.nii.gz,False
sub-22654,ses-1,0,sub-22654/ses-1/func/sub-22654_ses-1_task-rest_run-01_bold.nii.gz,False
sub-22654,ses-2,1,sub-22654/ses-2/func/sub-22654_ses-2_task-rest_run-01_bold.nii.gz,True
sub-22670,ses-1,0,sub-22670/ses-1/func/sub-22670_ses-1_task-rest_run-01_bold.nii.gz,True
sub-22744,ses-1,0,sub-22744/ses-1/func/sub-22744_ses-1_task-rest_run-01_bold.nii.gz,True
sub-22797,ses-1,0,sub-22797/ses-1/func/sub-22797_ses-1_task-rest_run-01_bold.nii.gz,True
sub-23303,ses-1,0,sub-23303/ses-1/func/sub-23303_ses-1_task-rest_run-01_bold.nii.gz,True
sub-23676,ses-1,1,sub-23676/ses-1/func/sub-23676_ses-1_task-rest_run-01_bold.nii.gz,False
sub-23698,ses-1,0,sub-23698/ses-1/func/sub-23698_ses-1_task-rest_run-01_bold.nii.gz,True
