actual,predicted,probability_class_1
0,1,0.1560656748450572
0,1,0.15961210173158877
0,0,0.15345011328895725
1,1,0.15692217203266629
1,1,0.1564488060481203
0,0,0.15579424062222555
0,0,0.15301673524781367
0,1,0.16283387797965704
0,1,0.1561389765416526
0,1,0.15742545179320522
0,1,0.1606083168952942
0,0,0.15284034588488593
0,0,0.1531042612568792
0,0,0.14821264628805955
0,0,0.1557841657466521
1,0,0.1530943883404117
0,1,0.10315280260980461
1,1,0.11703415276432658
0,1,0.12264896844244827
0,1,0.09239812129315295
0,1,0.1257966513743202
0,1,0.10152482095888281
0,0,0.20654525176640123
0,1,0.13305368887039296
1,1,0.09545032620244284
0,1,0.08883700227937952
0,1,0.12035479346755916
0,1,0.09662917376550648
0,1,0.11082948933735834
0,1,0.08747558147463289
0,0,0.16141345389650003
1,1,0.06454411380478631
0,1,0.15882782836709156
1,0,0.1733399147496557
0,0,0.18660656435240494
0,0,0.17680285861414952
0,0,0.19607713084721423
0,1,0.15913218226995152
0,0,0.19646399692056324
0,1,0.1456546005974385
0,0,0.17920529916763053
0,0,0.16627772685051403
0,0,0.1784854506318143
0,1,0.15285333571669657
0,1,0.15230250698638786
1,0,0.18279422708319554
0,1,0.10771483089922425
0,0,0.2224338901870488
0,1,0.07133408649515906
0,1,0.12431476502170613
0,0,0.2675371934391259
1,1,0.1142450198570792
0,1,0.14699193187695192
0,1,0.13664226382046787
0,0,0.17930261956685625
0,0,0.26245328281801333
0,0,0.17566117653392813
0,1,0.11574385819159283
0,0,0.17540727548830168
1,1,0.1452319394866772
0,0,0.1583020703659115
0,0,0.1954367255336458
0,1,0.12851866290093605
1,1,0.13728676853287652
0,0,0.19174621237507225
0,0,0.16535198546126542
0,0,0.22921774815701085
0,0,0.21914030402921883
0,1,0.10130466552730184
0,1,0.1296915555314829
0,0,0.26859170865263154
0,1,0.15448701801529002
0,1,0.13481643344300695
0,1,0.10668585245596454
1,0,0.18437692798575314
