subject,actual,prediction,probability
sub-20149,0,1,0.1560656748450572
sub-20149,0,1,0.15961210173158877
sub-20252,0,0,0.15345011328895725
sub-20305,1,1,0.15692217203266629
sub-20721,1,1,0.1564488060481203
sub-20721,0,0,0.15579424062222555
sub-20846,0,0,0.15301673524781367
sub-20855,0,1,0.16283387797965704
sub-20902,0,1,0.1561389765416526
sub-20902,0,1,0.15742545179320522
sub-20961,0,1,0.1606083168952942
sub-20983,0,0,0.15284034588488593
sub-21035,0,0,0.1531042612568792
sub-21035,0,0,0.14821264628805955
sub-21035,0,0,0.1557841657466521
sub-21116,1,0,0.1530943883404117
sub-20139,0,1,0.10315280260980461
sub-20139,1,1,0.11703415276432658
sub-20253,0,1,0.12264896844244827
sub-20253,0,1,0.09239812129315295
sub-20259,0,1,0.1257966513743202
sub-20302,0,1,0.10152482095888281
sub-20328,0,0,0.20654525176640123
sub-20427,0,1,0.13305368887039296
sub-20818,1,1,0.09545032620244284
sub-20953,0,1,0.08883700227937952
sub-20953,0,1,0.12035479346755916
sub-20968,0,1,0.09662917376550648
sub-20968,0,1,0.11082948933735834
sub-20968,0,1,0.08747558147463289
sub-21050,0,0,0.16141345389650003
sub-22654,1,1,0.06454411380478631
sub-138950,0,1,0.15882782836709156
sub-19861,1,0,0.1733399147496557
sub-20310,0,0,0.18660656435240494
sub-20399,0,0,0.17680285861414952
sub-20691,0,0,0.19607713084721423
sub-20866,0,1,0.15913218226995152
sub-20916,0,0,0.19646399692056324
sub-20916,0,1,0.1456546005974385
sub-20966,0,0,0.17920529916763053
sub-20966,0,0,0.16627772685051403
sub-20966,0,0,0.1784854506318143
sub-21104,0,1,0.15285333571669657
sub-21104,0,1,0.15230250698638786
sub-21827,1,0,0.18279422708319554
sub-20238,0,1,0.10771483089922425
sub-20303,0,0,0.2224338901870488
sub-20303,0,1,0.07133408649515906
sub-20494,0,1,0.12431476502170613
sub-20494,0,0,0.2675371934391259
sub-20533,1,1,0.1142450198570792
sub-20572,0,1,0.14699193187695192
sub-20626,0,1,0.13664226382046787
sub-20712,0,0,0.17930261956685625
sub-20712,0,0,0.26245328281801333
sub-20823,0,0,0.17566117653392813
sub-20976,0,1,0.11574385819159283
sub-20976,0,0,0.17540727548830168
sub-21118,1,1,0.1452319394866772
sub-20188,0,0,0.1583020703659115
sub-20214,0,0,0.1954367255336458
sub-20214,0,1,0.12851866290093605
sub-20258,1,1,0.13728676853287652
sub-20463,0,0,0.19174621237507225
sub-20836,0,0,0.16535198546126542
sub-20865,0,0,0.22921774815701085
sub-20936,0,0,0.21914030402921883
sub-21023,0,1,0.10130466552730184
sub-21023,0,1,0.1296915555314829
sub-21038,0,0,0.26859170865263154
sub-21038,0,1,0.15448701801529002
sub-21112,0,1,0.13481643344300695
sub-21112,0,1,0.10668585245596454
sub-22473,1,0,0.18437692798575314
