feature_set,model,balanced_accuracy,precision,recall,f1,roc_auc
fMRI Only,MLP,0.4705128205128205,0.10523809523809524,0.4666666666666666,0.1542016806722689,0.2115384615384615
fMRI + Demographics,Polynomial SVM,0.4897435897435898,0.08888888888888888,0.13333333333333333,0.1,0.5467948717948717
fMRI Only,Polynomial SVM,0.46602564102564104,0.08484848484848484,0.13333333333333333,0.09523809523809523,0.5692307692307692
fMRI Only,RBF SVM,0.47756410256410253,0.06666666666666667,0.06666666666666667,0.06666666666666667,0.4801282051282051
fMRI + Demographics,RBF SVM,0.47756410256410253,0.06666666666666667,0.06666666666666667,0.06666666666666667,0.4403846153846153
fMRI + Demographics,MLP,0.5025641025641026,0.06666666666666667,0.06666666666666667,0.06666666666666667,0.5211538461538462
fMRI Only,Logistic Regression,0.44743589743589746,0.04,0.06666666666666667,0.05,0.5326923076923077
fMRI + Demographics,Linear SVM,0.43910256410256415,0.04,0.06666666666666667,0.05,0.4198717948717948
fMRI Only,Linear SVM,0.4314102564102564,0.03333333333333333,0.06666666666666667,0.04444444444444444,0.4884615384615385
fMRI + Demographics,Logistic Regression,0.4314102564102564,0.03333333333333333,0.06666666666666667,0.04444444444444444,0.516025641025641
