feature_set,pca_components,model,balanced_accuracy,precision,recall,f1,roc_auc
fMRI Only,15,RBF SVM,0.47628205128205126,0.14714285714285716,0.36666666666666664,0.20987012987012985,0.5980769230769232
fMRI + Demographics,10,RBF SVM,0.4596153846153846,0.14999999999999997,0.36666666666666664,0.2116161616161616,0.5852564102564102
fMRI Only,5,Logistic Regression,0.5089743589743589,0.13333333333333333,0.4,0.2,0.5801282051282051
fMRI + Demographics,5,Logistic Regression,0.5089743589743589,0.13333333333333333,0.4,0.2,0.575
fMRI Only,5,RBF SVM,0.4608974358974359,0.14833333333333334,0.4,0.2076190476190476,0.5692307692307692
fMRI + Demographics,5,RBF SVM,0.4532051282051282,0.13833333333333334,0.4,0.20047619047619047,0.5615384615384615
fMRI Only,10,Logistic Regression,0.5314102564102565,0.17333333333333334,0.3333333333333333,0.22603174603174603,0.5051282051282051
fMRI Only,10,RBF SVM,0.4679487179487179,0.14999999999999997,0.36666666666666664,0.2116161616161616,0.5025641025641024
fMRI + Demographics,30,RBF SVM,0.41666666666666663,0.07857142857142857,0.16666666666666666,0.10666666666666666,0.4980769230769231
fMRI + Demographics,10,Logistic Regression,0.4653846153846154,0.1,0.2333333333333333,0.1388888888888889,0.4967948717948717
fMRI Only,15,Logistic Regression,0.48910256410256403,0.1,0.16666666666666666,0.12444444444444444,0.4833333333333333
fMRI Only,30,RBF SVM,0.4173076923076923,0.07857142857142857,0.16666666666666666,0.10666666666666666,0.48269230769230764
fMRI + Demographics,15,Logistic Regression,0.4884615384615385,0.10666666666666666,0.16666666666666666,0.13,0.4557692307692308
fMRI + Demographics,5,Linear SVM,0.5025641025641026,0.16333333333333333,0.4,0.2282051282051282,0.4493589743589744
fMRI Only,5,Linear SVM,0.5102564102564102,0.16777777777777778,0.4,0.2333333333333333,0.43589743589743596
fMRI + Demographics,20,Linear SVM,0.48782051282051286,0.11666666666666665,0.16666666666666666,0.13714285714285715,0.43589743589743585
fMRI + Demographics,10,Linear SVM,0.4352564102564102,0.07857142857142857,0.2333333333333333,0.11717171717171718,0.4301282051282051
fMRI Only,10,Linear SVM,0.4769230769230769,0.12301587301587302,0.3333333333333333,0.17777777777777776,0.4288461538461538
fMRI Only,30,Logistic Regression,0.4801282051282051,0.04,0.1,0.05714285714285714,0.4282051282051282
fMRI + Demographics,15,Linear SVM,0.5224358974358975,0.16666666666666666,0.2333333333333333,0.19111111111111112,0.425
fMRI Only,15,Linear SVM,0.5147435897435898,0.11666666666666665,0.2333333333333333,0.15272727272727274,0.4128205128205128
fMRI Only,20,Linear SVM,0.46282051282051284,0.06666666666666667,0.1,0.08,0.4128205128205128
fMRI + Demographics,30,Logistic Regression,0.4717948717948718,0.04,0.1,0.05714285714285714,0.40576923076923077
fMRI + Demographics,30,Linear SVM,0.4378205128205129,0.0,0.0,0.0,0.3897435897435898
fMRI + Demographics,20,Logistic Regression,0.46410256410256406,0.1,0.16666666666666666,0.12380952380952381,0.38269230769230766
fMRI Only,30,Linear SVM,0.4371794871794871,0.0,0.0,0.0,0.3782051282051282
fMRI Only,20,RBF SVM,0.4025641025641026,0.09357142857142857,0.2333333333333333,0.13350649350649352,0.3769230769230769
fMRI + Demographics,20,RBF SVM,0.4596153846153846,0.12857142857142856,0.3,0.17939393939393938,0.3730769230769231
fMRI Only,20,Logistic Regression,0.4551282051282051,0.05,0.1,0.06666666666666667,0.36410256410256403
fMRI + Demographics,15,RBF SVM,0.47628205128205126,0.15158730158730158,0.36666666666666664,0.21333333333333332,0.31474358974358974
