mean_fit_time,std_fit_time,mean_score_time,std_score_time,param_model__C,param_model__class_weight,param_model__gamma,param_pca__n_components,params,split0_test_score,split1_test_score,split2_test_score,split3_test_score,split4_test_score,mean_test_score,std_test_score,rank_test_score
0.007742691040039063,0.0028142405957201524,0.004052543640136718,0.0016810133402443991,5.0,balanced,0.001,5,"{'model__C': 5, 'model__class_weight': 'balanced', 'model__gamma': 0.001, 'pca__n_components': 5}",0.5384615384615384,0.7435897435897436,0.375,0.7083333333333333,0.5,0.573076923076923,0.1364857849512326,1
0.007801723480224609,0.001748153992908776,0.00423741340637207,0.001537749467069225,10.0,balanced,0.001,5,"{'model__C': 10, 'model__class_weight': 'balanced', 'model__gamma': 0.001, 'pca__n_components': 5}",0.6153846153846153,0.6923076923076923,0.375,0.6666666666666666,0.5,0.5698717948717948,0.11771856028079221,2
0.004929161071777344,0.0009529027511818644,0.0023134231567382814,0.00036401192113925767,0.1,,0.001,15,"{'model__C': 0.1, 'model__class_weight': None, 'model__gamma': 0.001, 'pca__n_components': 15}",0.7435897435897436,0.6666666666666666,0.4166666666666667,0.41666666666666663,0.5384615384615384,0.5564102564102564,0.13158368793148925,3
0.006466913223266602,0.002194939120933431,0.0025453090667724608,0.00034938302745992023,0.5,balanced,0.001,5,"{'model__C': 0.5, 'model__class_weight': 'balanced', 'model__gamma': 0.001, 'pca__n_components': 5}",0.3589743589743589,0.7435897435897436,0.5,0.7916666666666666,0.3846153846153846,0.5557692307692308,0.1800312267456685,4
0.007893037796020509,0.0022778644824897895,0.004094266891479492,0.0014733410983165192,2.0,balanced,0.001,10,"{'model__C': 2, 'model__class_weight': 'balanced', 'model__gamma': 0.001, 'pca__n_components': 10}",0.5384615384615384,0.6923076923076923,0.3333333333333333,0.7083333333333333,0.5,0.5544871794871795,0.1376937401443896,5
0.006118631362915039,0.001230026526028195,0.0031136035919189452,0.0012487766390614412,0.1,balanced,0.001,5,"{'model__C': 0.1, 'model__class_weight': 'balanced', 'model__gamma': 0.001, 'pca__n_components': 5}",0.3333333333333333,0.7435897435897436,0.5,0.7916666666666666,0.3846153846153846,0.5506410256410257,0.185835533460057,6
0.008180618286132812,0.0036992649404416285,0.0033655643463134767,0.0012967010766861502,2.0,balanced,0.001,5,"{'model__C': 2, 'model__class_weight': 'balanced', 'model__gamma': 0.001, 'pca__n_components': 5}",0.4871794871794871,0.6923076923076923,0.375,0.75,0.423076923076923,0.5455128205128205,0.14888363891163028,7
0.005519342422485351,0.0007944631158546065,0.0027684688568115233,0.0010287137957481038,1.0,balanced,0.001,5,"{'model__C': 1, 'model__class_weight': 'balanced', 'model__gamma': 0.001, 'pca__n_components': 5}",0.3589743589743589,0.717948717948718,0.4166666666666667,0.7916666666666666,0.423076923076923,0.5416666666666666,0.17699738313253657,8
0.007686185836791992,0.0021882187304065248,0.00324859619140625,0.0011425876187196034,1.0,balanced,0.001,10,"{'model__C': 1, 'model__class_weight': 'balanced', 'model__gamma': 0.001, 'pca__n_components': 10}",0.41025641025641024,0.6923076923076923,0.375,0.75,0.46153846153846156,0.5378205128205129,0.15328959156548844,9
0.005500316619873047,0.0009701780427634053,0.0026895999908447266,0.0010707329917922024,2.0,,0.001,15,"{'model__C': 2, 'model__class_weight': None, 'model__gamma': 0.001, 'pca__n_components': 15}",0.7179487179487178,0.6666666666666666,0.4166666666666667,0.33333333333333337,0.5384615384615384,0.5346153846153846,0.14525137475147223,10
0.007652759552001953,0.0027119004593704897,0.0036540508270263674,0.0015295302944219554,5.0,,0.001,15,"{'model__C': 5, 'model__class_weight': None, 'model__gamma': 0.001, 'pca__n_components': 15}",0.7179487179487178,0.6666666666666666,0.4166666666666667,0.33333333333333337,0.5384615384615384,0.5346153846153846,0.14525137475147223,10
0.00626077651977539,0.0013728243197072818,0.0038812637329101564,0.00146266001331073,1.0,,0.001,15,"{'model__C': 1, 'model__class_weight': None, 'model__gamma': 0.001, 'pca__n_components': 15}",0.7179487179487178,0.6666666666666666,0.4166666666666667,0.33333333333333337,0.5384615384615384,0.5346153846153846,0.14525137475147223,10
0.005522680282592773,0.001417887203980496,0.0023630619049072265,0.0004016182471410519,0.5,,0.001,15,"{'model__C': 0.5, 'model__class_weight': None, 'model__gamma': 0.001, 'pca__n_components': 15}",0.7179487179487178,0.6666666666666666,0.4166666666666667,0.33333333333333337,0.5384615384615384,0.5346153846153846,0.14525137475147223,10
0.007354927062988281,0.0014667371422434773,0.003539562225341797,0.0014858422826146361,0.5,balanced,0.001,10,"{'model__C': 0.5, 'model__class_weight': 'balanced', 'model__gamma': 0.001, 'pca__n_components': 10}",0.3333333333333333,0.7179487179487178,0.375,0.75,0.46153846153846156,0.5275641025641026,0.1738302692992645,14
0.005965805053710938,0.0010520329377573616,0.002224254608154297,8.285797208547701e-05,0.1,balanced,0.001,10,"{'model__C': 0.1, 'model__class_weight': 'balanced', 'model__gamma': 0.001, 'pca__n_components': 10}",0.3333333333333333,0.7179487179487178,0.375,0.75,0.46153846153846156,0.5275641025641026,0.1738302692992645,14
0.004711580276489258,0.0001251519417577481,0.0021817684173583984,0.000255274450877849,10.0,,0.001,10,"{'model__C': 10, 'model__class_weight': None, 'model__gamma': 0.001, 'pca__n_components': 10}",1.0,0.5897435897435898,0.20833333333333331,0.25,0.5769230769230769,0.525,0.2858025598583133,16
0.006436014175415039,0.0015032697917151997,0.0029850006103515625,0.0011759599699762108,1.0,,0.001,10,"{'model__C': 1, 'model__class_weight': None, 'model__gamma': 0.001, 'pca__n_components': 10}",1.0,0.5897435897435898,0.20833333333333331,0.25,0.5769230769230769,0.525,0.2858025598583133,16
0.008361196517944336,0.0020806551994550834,0.004738044738769531,0.0011084158914143381,5.0,,0.001,10,"{'model__C': 5, 'model__class_weight': None, 'model__gamma': 0.001, 'pca__n_components': 10}",1.0,0.5897435897435898,0.20833333333333331,0.25,0.5769230769230769,0.525,0.2858025598583133,16
0.0067748546600341795,0.0016814840450289498,0.004472589492797852,0.0012524905789714068,0.5,,0.001,10,"{'model__C': 0.5, 'model__class_weight': None, 'model__gamma': 0.001, 'pca__n_components': 10}",0.9743589743589745,0.6153846153846154,0.20833333333333331,0.25,0.5769230769230769,0.525,0.27881594295524487,16
0.00653076171875,0.003920987251427756,0.0034005165100097655,0.0011615314244369339,2.0,,0.001,10,"{'model__C': 2, 'model__class_weight': None, 'model__gamma': 0.001, 'pca__n_components': 10}",1.0,0.5897435897435898,0.20833333333333331,0.25,0.5769230769230769,0.525,0.2858025598583133,16
0.0067844390869140625,0.0020711402946850745,0.0029825687408447264,0.0012773636883129352,1.0,balanced,0.001,15,"{'model__C': 1, 'model__class_weight': 'balanced', 'model__gamma': 0.001, 'pca__n_components': 15}",0.4615384615384615,0.7179487179487178,0.2916666666666667,0.625,0.5,0.5192307692307692,0.1457117695644799,21
0.00487971305847168,0.0003295698576514458,0.002167367935180664,0.00025958703948042867,10.0,,0.001,15,"{'model__C': 10, 'model__class_weight': None, 'model__gamma': 0.001, 'pca__n_components': 15}",0.7179487179487178,0.6666666666666666,0.3333333333333333,0.33333333333333337,0.5384615384615384,0.5179487179487179,0.16168084892753273,22
0.005317211151123047,0.0011325157061812497,0.0021803855895996095,0.0003305262862686974,0.1,,0.001,10,"{'model__C': 0.1, 'model__class_weight': None, 'model__gamma': 0.001, 'pca__n_components': 10}",0.9743589743589745,0.6153846153846154,0.20833333333333331,0.20833333333333331,0.5769230769230769,0.5166666666666666,0.2874011850308441,23
0.0052585601806640625,0.0004346671358214955,0.0021575927734375,0.00026739072966307215,0.1,balanced,0.001,30,"{'model__C': 0.1, 'model__class_weight': 'balanced', 'model__gamma': 0.001, 'pca__n_components': 30}",0.3333333333333333,0.6666666666666666,0.375,0.6666666666666667,0.5384615384615384,0.5160256410256411,0.1408215306142837,24
0.007585859298706055,0.0015854824582433162,0.002761983871459961,0.00075638748096941,0.5,balanced,0.001,30,"{'model__C': 0.5, 'model__class_weight': 'balanced', 'model__gamma': 0.001, 'pca__n_components': 30}",0.3333333333333333,0.6666666666666666,0.375,0.6666666666666667,0.5384615384615384,0.5160256410256411,0.1408215306142837,24
0.007081079483032227,0.0019550061479999296,0.0026723861694335936,0.0009383764612587343,2.0,balanced,0.001,15,"{'model__C': 2, 'model__class_weight': 'balanced', 'model__gamma': 0.001, 'pca__n_components': 15}",0.5384615384615384,0.7435897435897436,0.2916666666666667,0.5,0.5,0.5147435897435898,0.1436183579547453,26
0.007884788513183593,0.0020557821478465158,0.004125642776489258,0.001328922433388497,0.5,balanced,0.001,15,"{'model__C': 0.5, 'model__class_weight': 'balanced', 'model__gamma': 0.001, 'pca__n_components': 15}",0.3333333333333333,0.7179487179487178,0.375,0.625,0.5,0.5102564102564102,0.1456045683874847,27
0.005321216583251953,0.0006016706887457464,0.0021966934204101563,0.0001774756002370058,0.1,balanced,0.001,15,"{'model__C': 0.1, 'model__class_weight': 'balanced', 'model__gamma': 0.001, 'pca__n_components': 15}",0.3333333333333333,0.7179487179487178,0.375,0.625,0.5,0.5102564102564102,0.1456045683874847,27
0.006634283065795899,0.0015486874906398562,0.0028944492340087892,0.0010606099774753271,1.0,balanced,0.001,30,"{'model__C': 1, 'model__class_weight': 'balanced', 'model__gamma': 0.001, 'pca__n_components': 30}",0.41025641025641024,0.641025641025641,0.3333333333333333,0.625,0.5384615384615384,0.5096153846153845,0.12030123269431282,29
0.006254053115844727,0.0016120192312163266,0.0025023937225341795,0.0009239110741502152,0.5,balanced,0.001,20,"{'model__C': 0.5, 'model__class_weight': 'balanced', 'model__gamma': 0.001, 'pca__n_components': 20}",0.3333333333333333,0.6666666666666666,0.375,0.6666666666666667,0.5,0.5083333333333334,0.14043582955293932,30
0.004919576644897461,9.116266022464937e-05,0.002106475830078125,8.003685777614818e-05,0.1,balanced,0.001,20,"{'model__C': 0.1, 'model__class_weight': 'balanced', 'model__gamma': 0.001, 'pca__n_components': 20}",0.3333333333333333,0.6666666666666666,0.375,0.6666666666666667,0.5,0.5083333333333334,0.14043582955293932,30
0.005080175399780273,0.0011611499167922094,0.0024692058563232423,0.0007871380286303185,0.1,,0.001,20,"{'model__C': 0.1, 'model__class_weight': None, 'model__gamma': 0.001, 'pca__n_components': 20}",0.5641025641025641,0.6923076923076923,0.25,0.41666666666666663,0.5769230769230769,0.5,0.15261257579438953,32
0.00484156608581543,0.0003946616995617638,0.0021810531616210938,0.0002206705824043326,10.0,,0.001,5,"{'model__C': 10, 'model__class_weight': None, 'model__gamma': 0.001, 'pca__n_components': 5}",0.6666666666666666,0.5641025641025641,0.29166666666666663,0.41666666666666663,0.5384615384615384,0.4955128205128204,0.12931570265563336,33
0.006630373001098633,0.001431028236193221,0.0030550479888916014,0.0013644845331137851,2.0,,0.001,5,"{'model__C': 2, 'model__class_weight': None, 'model__gamma': 0.001, 'pca__n_components': 5}",0.6666666666666666,0.5641025641025641,0.29166666666666663,0.41666666666666663,0.5384615384615384,0.4955128205128204,0.12931570265563336,33
0.006219720840454102,0.0011016229929483592,0.0034535884857177734,0.0015996181934451335,5.0,balanced,0.001,10,"{'model__C': 5, 'model__class_weight': 'balanced', 'model__gamma': 0.001, 'pca__n_components': 10}",0.6666666666666666,0.6666666666666666,0.25,0.33333333333333337,0.5384615384615384,0.49102564102564095,0.17141174270111043,35
0.006612062454223633,0.0017675437960136312,0.003805875778198242,0.001454681625209538,5.0,,0.001,5,"{'model__C': 5, 'model__class_weight': None, 'model__gamma': 0.001, 'pca__n_components': 5}",0.6666666666666666,0.5384615384615384,0.29166666666666663,0.41666666666666663,0.5384615384615384,0.4903846153846153,0.12698133860937827,36
0.010460996627807617,0.002544630665480414,0.004935121536254883,0.0024942620235138342,5.0,,0.001,20,"{'model__C': 5, 'model__class_weight': None, 'model__gamma': 0.001, 'pca__n_components': 20}",0.5641025641025641,0.641025641025641,0.25,0.41666666666666663,0.5769230769230769,0.4897435897435898,0.1405937442436436,37
0.006266260147094726,0.001063059177741432,0.003124856948852539,0.001296942439751944,2.0,,0.001,20,"{'model__C': 2, 'model__class_weight': None, 'model__gamma': 0.001, 'pca__n_components': 20}",0.5641025641025641,0.641025641025641,0.25,0.41666666666666663,0.5769230769230769,0.4897435897435898,0.1405937442436436,37
0.006508874893188477,0.0012365654881523217,0.003845548629760742,0.0013965804029741288,0.5,,0.001,20,"{'model__C': 0.5, 'model__class_weight': None, 'model__gamma': 0.001, 'pca__n_components': 20}",0.5641025641025641,0.641025641025641,0.25,0.41666666666666663,0.5769230769230769,0.4897435897435898,0.1405937442436436,37
0.005490398406982422,0.0013702916017046837,0.0028673648834228516,0.0011035839558349357,1.0,,0.001,20,"{'model__C': 1, 'model__class_weight': None, 'model__gamma': 0.001, 'pca__n_components': 20}",0.5641025641025641,0.641025641025641,0.25,0.41666666666666663,0.5769230769230769,0.4897435897435898,0.1405937442436436,37
0.006179618835449219,0.0016466365617917589,0.0026638031005859373,0.0010669105347895515,1.0,balanced,0.001,20,"{'model__C': 1, 'model__class_weight': 'balanced', 'model__gamma': 0.001, 'pca__n_components': 20}",0.3333333333333333,0.641025641025641,0.3333333333333333,0.625,0.5,0.4865384615384615,0.13428530961612378,41
0.005953598022460938,0.0012737698392981081,0.003744983673095703,0.0013679232480957645,1.0,,0.001,5,"{'model__C': 1, 'model__class_weight': None, 'model__gamma': 0.001, 'pca__n_components': 5}",0.6153846153846154,0.5641025641025641,0.29166666666666663,0.41666666666666663,0.5384615384615384,0.4852564102564102,0.11675820584643563,42
0.006098556518554688,0.0022361024678606706,0.0029909610748291016,0.0012153292251467734,0.5,,0.001,5,"{'model__C': 0.5, 'model__class_weight': None, 'model__gamma': 0.001, 'pca__n_components': 5}",0.6410256410256411,0.5641025641025641,0.29166666666666663,0.41666666666666663,0.5,0.48269230769230764,0.12070361329169048,43
0.010142993927001954,0.0024088789520953216,0.003718852996826172,0.0009275690676713957,2.0,balanced,0.001,20,"{'model__C': 2, 'model__class_weight': 'balanced', 'model__gamma': 0.001, 'pca__n_components': 20}",0.4358974358974359,0.5641025641025641,0.3333333333333333,0.4583333333333333,0.6153846153846154,0.48141025641025637,0.09931554054802212,44
0.005514860153198242,0.0009493299116992862,0.0026549339294433595,0.0012171997296950383,10.0,balanced,0.001,15,"{'model__C': 10, 'model__class_weight': 'balanced', 'model__gamma': 0.001, 'pca__n_components': 15}",0.6153846153846154,0.641025641025641,0.25,0.16666666666666663,0.7307692307692308,0.4807692307692307,0.22725240480533831,45
0.005924844741821289,0.0010307334953525405,0.002237749099731445,0.00018363502290494674,10.0,balanced,0.001,10,"{'model__C': 10, 'model__class_weight': 'balanced', 'model__gamma': 0.001, 'pca__n_components': 10}",0.6666666666666666,0.6153846153846153,0.25,0.3333333333333333,0.5384615384615384,0.4807692307692307,0.16186373438037566,45
0.005497932434082031,0.0017743632914528663,0.0022689342498779298,0.0006431262503700545,2.0,balanced,0.001,30,"{'model__C': 2, 'model__class_weight': 'balanced', 'model__gamma': 0.001, 'pca__n_components': 30}",0.33333333333333326,0.5897435897435896,0.3333333333333333,0.41666666666666663,0.6923076923076923,0.473076923076923,0.14416095176277535,47
0.005997371673583984,0.002381797225382981,0.0029716014862060545,0.001017307144183139,0.1,,0.001,5,"{'model__C': 0.1, 'model__class_weight': None, 'model__gamma': 0.001, 'pca__n_components': 5}",0.7179487179487178,0.46153846153846145,0.29166666666666663,0.375,0.5,0.4692307692307692,0.14371846336740804,48
0.005040168762207031,0.0003817285315450314,0.0022235393524169924,0.00035817534820446734,10.0,,0.001,20,"{'model__C': 10, 'model__class_weight': None, 'model__gamma': 0.001, 'pca__n_components': 20}",0.5641025641025641,0.641025641025641,0.20833333333333337,0.375,0.5384615384615384,0.46538461538461534,0.15503546708810476,49
0.007903718948364257,0.00254412701037042,0.003507518768310547,0.0013260096224192116,5.0,balanced,0.001,15,"{'model__C': 5, 'model__class_weight': 'balanced', 'model__gamma': 0.001, 'pca__n_components': 15}",0.5641025641025641,0.641025641025641,0.25,0.25,0.6153846153846154,0.46410256410256406,0.17656038632638937,50
0.007182979583740234,0.0023013640163356435,0.0028702259063720704,0.001160809097025281,0.5,balanced,scale,15,"{'model__C': 0.5, 'model__class_weight': 'balanced', 'model__gamma': 'scale', 'pca__n_components': 15}",0.5384615384615384,0.641025641025641,0.16666666666666669,0.3333333333333333,0.6153846153846154,0.45897435897435895,0.1817440527863523,51
0.006524133682250977,0.002298439276606148,0.0031352519989013674,0.0010810649405708953,0.5,balanced,scale,10,"{'model__C': 0.5, 'model__class_weight': 'balanced', 'model__gamma': 'scale', 'pca__n_components': 10}",0.5641025641025641,0.5897435897435898,0.20833333333333331,0.375,0.5384615384615384,0.4551282051282051,0.1444087221290873,52
0.007240390777587891,0.0021697195915744913,0.0031932830810546876,0.0011574949964553696,0.1,,scale,30,"{'model__C': 0.1, 'model__class_weight': None, 'model__gamma': 'scale', 'pca__n_components': 30}",0.641025641025641,0.5897435897435896,0.20833333333333331,0.25,0.5769230769230769,0.4532051282051281,0.18465099371680851,53
0.005883407592773437,0.0010492016323666957,0.002765178680419922,0.0011212008389889097,0.5,balanced,0.01,10,"{'model__C': 0.5, 'model__class_weight': 'balanced', 'model__gamma': 0.01, 'pca__n_components': 10}",0.5897435897435898,0.5897435897435898,0.16666666666666669,0.375,0.5384615384615384,0.4519230769230769,0.16295169357165276,54
0.007042217254638672,0.0015242774233312185,0.002836132049560547,0.0007982624123993684,0.5,balanced,0.01,15,"{'model__C': 0.5, 'model__class_weight': 'balanced', 'model__gamma': 0.01, 'pca__n_components': 15}",0.5384615384615384,0.5897435897435896,0.16666666666666669,0.3333333333333333,0.6153846153846154,0.44871794871794873,0.17238703911765754,55
0.0067122459411621095,0.0028105331521671786,0.0026936054229736326,0.0011211919301789104,0.5,,scale,30,"{'model__C': 0.5, 'model__class_weight': None, 'model__gamma': 'scale', 'pca__n_components': 30}",0.641025641025641,0.5641025641025641,0.20833333333333331,0.25,0.5769230769230769,0.448076923076923,0.18110988088625948,56
0.0076564311981201175,0.0018603190506492628,0.003591632843017578,0.0012194242017677822,1.0,,scale,30,"{'model__C': 1, 'model__class_weight': None, 'model__gamma': 'scale', 'pca__n_components': 30}",0.641025641025641,0.5641025641025641,0.20833333333333331,0.25,0.5769230769230769,0.448076923076923,0.18110988088625948,56
0.0063994407653808595,0.001207477002246571,0.003887510299682617,0.001474493595771872,2.0,,scale,30,"{'model__C': 2, 'model__class_weight': None, 'model__gamma': 'scale', 'pca__n_components': 30}",0.641025641025641,0.5641025641025641,0.20833333333333331,0.25,0.5769230769230769,0.448076923076923,0.18110988088625948,56
0.01833310127258301,0.005005821589834554,0.005154275894165039,0.0021296680749565847,0.1,balanced,scale,5,"{'model__C': 0.1, 'model__class_weight': 'balanced', 'model__gamma': 'scale', 'pca__n_components': 5}",0.5128205128205128,0.6153846153846153,0.16666666666666669,0.5416666666666666,0.3846153846153846,0.44423076923076926,0.15753588239074662,59
0.004815149307250977,0.0006447540441071514,0.001989412307739258,7.039146942331489e-05,10.0,,0.01,5,"{'model__C': 10, 'model__class_weight': None, 'model__gamma': 0.01, 'pca__n_components': 5}",0.6666666666666666,0.5384615384615384,0.375,0.29166666666666663,0.34615384615384615,0.4435897435897436,0.13859502112867114,60
0.007801342010498047,0.0015549038804731474,0.0033922195434570312,0.0013261760633855493,0.1,balanced,scale,30,"{'model__C': 0.1, 'model__class_weight': 'balanced', 'model__gamma': 'scale', 'pca__n_components': 30}",0.3846153846153846,0.5384615384615384,0.25,0.4583333333333333,0.5769230769230769,0.4416666666666666,0.11656095520698159,61
0.0058381080627441405,0.002208248228778843,0.0023715019226074217,0.00031146488518326134,5.0,,0.01,5,"{'model__C': 5, 'model__class_weight': None, 'model__gamma': 0.01, 'pca__n_components': 5}",0.6666666666666666,0.5128205128205128,0.375,0.33333333333333337,0.30769230769230765,0.43910256410256404,0.13400349333568504,62
0.004278755187988282,0.0003249121159802752,0.0022180557250976564,0.00040978707899850365,0.5,,0.01,5,"{'model__C': 0.5, 'model__class_weight': None, 'model__gamma': 0.01, 'pca__n_components': 5}",0.6666666666666666,0.5128205128205128,0.33333333333333337,0.33333333333333337,0.34615384615384615,0.4384615384615385,0.13283932150757555,63
0.008677864074707031,0.0025631834168367003,0.0038196086883544923,0.0011003600473960885,5.0,,scale,30,"{'model__C': 5, 'model__class_weight': None, 'model__gamma': 'scale', 'pca__n_components': 30}",0.5641025641025641,0.5128205128205128,0.25,0.16666666666666669,0.6923076923076923,0.43717948717948724,0.19755241317187922,64
0.0048481464385986325,0.0006953537694823022,0.0026155948638916016,0.0010259613779791375,0.1,,scale,10,"{'model__C': 0.1, 'model__class_weight': None, 'model__gamma': 'scale', 'pca__n_components': 10}",0.9230769230769231,0.5384615384615384,0.125,0.25,0.34615384615384615,0.4365384615384616,0.27825534227209114,65
0.00817418098449707,0.0013254457313544282,0.005593252182006836,0.0012029602747920865,5.0,,scale,5,"{'model__C': 5, 'model__class_weight': None, 'model__gamma': 'scale', 'pca__n_components': 5}",0.6666666666666666,0.5384615384615384,0.375,0.2916666666666667,0.30769230769230765,0.43589743589743585,0.14472138777283564,66
0.013170480728149414,0.004705259612800531,0.005476522445678711,0.0025295109882162345,0.1,balanced,scale,15,"{'model__C': 0.1, 'model__class_weight': 'balanced', 'model__gamma': 'scale', 'pca__n_components': 15}",0.41025641025641024,0.641025641025641,0.20833333333333331,0.41666666666666663,0.5,0.4352564102564102,0.1407106038301423,67
0.005044412612915039,0.0003502994342584773,0.0021049976348876953,0.00010028181330169533,0.1,balanced,0.01,5,"{'model__C': 0.1, 'model__class_weight': 'balanced', 'model__gamma': 0.01, 'pca__n_components': 5}",0.48717948717948717,0.6666666666666666,0.16666666666666669,0.5,0.34615384615384615,0.4333333333333333,0.16763035003775542,68
0.014853620529174804,0.0013127565953316746,0.004615116119384766,0.0019724544434221287,0.1,balanced,scale,10,"{'model__C': 0.1, 'model__class_weight': 'balanced', 'model__gamma': 'scale', 'pca__n_components': 10}",0.4358974358974359,0.641025641025641,0.25,0.41666666666666663,0.4230769230769231,0.4333333333333333,0.12420688558751652,68
0.005019140243530273,0.00038214722909155253,0.002954244613647461,0.0010871102593368405,0.1,balanced,0.01,10,"{'model__C': 0.1, 'model__class_weight': 'balanced', 'model__gamma': 0.01, 'pca__n_components': 10}",0.4358974358974359,0.641025641025641,0.25,0.375,0.46153846153846156,0.43269230769230765,0.1272399566748667,70
0.006446170806884766,0.0021873067206981,0.0032038211822509764,0.001029237960703699,0.5,balanced,scale,20,"{'model__C': 0.5, 'model__class_weight': 'balanced', 'model__gamma': 'scale', 'pca__n_components': 20}",0.4358974358974359,0.5641025641025641,0.20833333333333331,0.375,0.5769230769230769,0.432051282051282,0.13545828900619747,71
0.006366729736328125,0.0021766047144360762,0.003810739517211914,0.0014068678990935316,0.5,balanced,scale,30,"{'model__C': 0.5, 'model__class_weight': 'balanced', 'model__gamma': 'scale', 'pca__n_components': 30}",0.3846153846153846,0.5384615384615384,0.20833333333333331,0.3333333333333333,0.6923076923076923,0.4314102564102564,0.16798785999153776,72
0.008008480072021484,0.001759650367084125,0.004383993148803711,0.0010587456438045917,1.0,balanced,0.01,5,"{'model__C': 1, 'model__class_weight': 'balanced', 'model__gamma': 0.01, 'pca__n_components': 5}",0.5641025641025641,0.5128205128205128,0.08333333333333337,0.45833333333333337,0.5384615384615384,0.4314102564102564,0.17752591461982165,72
0.005160713195800781,0.0013667310441427096,0.0026600837707519533,0.001109423574174058,0.1,,0.01,5,"{'model__C': 0.1, 'model__class_weight': None, 'model__gamma': 0.01, 'pca__n_components': 5}",0.6666666666666666,0.5128205128205128,0.33333333333333337,0.33333333333333337,0.30769230769230765,0.43076923076923074,0.13893556086301603,74
0.00604715347290039,0.001922750967917,0.0034332752227783205,0.0011530932160587696,2.0,,0.01,5,"{'model__C': 2, 'model__class_weight': None, 'model__gamma': 0.01, 'pca__n_components': 5}",0.6666666666666666,0.5128205128205128,0.33333333333333337,0.33333333333333337,0.30769230769230765,0.43076923076923074,0.13893556086301603,74
0.0073089599609375,0.0016273324345028864,0.003656005859375,0.0014148685095836506,1.0,balanced,scale,5,"{'model__C': 1, 'model__class_weight': 'balanced', 'model__gamma': 'scale', 'pca__n_components': 5}",0.5641025641025641,0.5128205128205128,0.08333333333333337,0.4166666666666667,0.5769230769230769,0.43076923076923074,0.18263719366599634,74
0.007331180572509766,0.0013704832616844656,0.0039865970611572266,0.0018928037931248195,1.0,,0.01,5,"{'model__C': 1, 'model__class_weight': None, 'model__gamma': 0.01, 'pca__n_components': 5}",0.6666666666666666,0.5128205128205128,0.33333333333333337,0.33333333333333337,0.30769230769230765,0.43076923076923074,0.13893556086301603,74
0.006850433349609375,0.002439779490290309,0.0027315616607666016,0.00068438716555305,5.0,balanced,0.001,30,"{'model__C': 5, 'model__class_weight': 'balanced', 'model__gamma': 0.001, 'pca__n_components': 30}",0.282051282051282,0.5128205128205128,0.29166666666666663,0.3333333333333333,0.7307692307692308,0.4301282051282051,0.1718666134168111,78
0.007405900955200195,0.0026216183785659638,0.0031145572662353515,0.0008797695785213739,2.0,balanced,scale,30,"{'model__C': 2, 'model__class_weight': 'balanced', 'model__gamma': 'scale', 'pca__n_components': 30}",0.41025641025641024,0.4615384615384615,0.20833333333333331,0.29166666666666663,0.7692307692307693,0.4282051282051282,0.1922072387208649,79
0.007327508926391601,0.0034603546560946124,0.004501533508300781,0.0032772547231308758,5.0,,0.01,30,"{'model__C': 5, 'model__class_weight': None, 'model__gamma': 0.01, 'pca__n_components': 30}",0.5128205128205128,0.5641025641025641,0.16666666666666663,0.08333333333333331,0.8076923076923076,0.4269230769230769,0.26719621976247776,80
0.00817575454711914,0.0020049333140023124,0.003972482681274414,0.001282777193137371,5.0,balanced,scale,10,"{'model__C': 5, 'model__class_weight': 'balanced', 'model__gamma': 'scale', 'pca__n_components': 10}",0.7435897435897436,0.43589743589743585,0.20833333333333331,0.16666666666666663,0.5769230769230769,0.42628205128205127,0.21834428657952054,81
0.005643796920776367,0.0013565359149924471,0.0024213314056396483,0.0006604912853092278,0.1,balanced,0.01,15,"{'model__C': 0.1, 'model__class_weight': 'balanced', 'model__gamma': 0.01, 'pca__n_components': 15}",0.43589743589743585,0.6153846153846153,0.20833333333333331,0.3333333333333333,0.5384615384615384,0.4262820512820512,0.144621976572801,82
0.00744471549987793,0.002341633148029589,0.0029561519622802734,0.0008844709631712713,0.5,balanced,0.01,5,"{'model__C': 0.5, 'model__class_weight': 'balanced', 'model__gamma': 0.01, 'pca__n_components': 5}",0.5641025641025641,0.641025641025641,0.08333333333333337,0.4166666666666667,0.4230769230769231,0.4256410256410256,0.1912191413700482,83
0.00539250373840332,0.0012734419735487067,0.002753448486328125,0.001229904774191979,0.5,,scale,10,"{'model__C': 0.5, 'model__class_weight': None, 'model__gamma': 'scale', 'pca__n_components': 10}",0.8974358974358975,0.5384615384615384,0.125,0.25,0.30769230769230765,0.4237179487179487,0.27219370833773077,84
0.008274126052856445,0.0013940998214576313,0.0031128406524658205,0.0009456024750396519,1.0,,scale,10,"{'model__C': 1, 'model__class_weight': None, 'model__gamma': 'scale', 'pca__n_components': 10}",0.8974358974358975,0.5384615384615384,0.125,0.25,0.30769230769230765,0.4237179487179487,0.27219370833773077,84
0.004775094985961914,0.00030069289946924727,0.002199220657348633,0.00029642624798632285,10.0,,0.001,30,"{'model__C': 10, 'model__class_weight': None, 'model__gamma': 0.001, 'pca__n_components': 30}",0.5384615384615384,0.5384615384615384,0.25,0.25,0.5384615384615384,0.4230769230769231,0.14131671592979872,86
0.006020307540893555,0.0010246164524729455,0.0030097484588623045,0.0011158832942025974,1.0,balanced,scale,20,"{'model__C': 1, 'model__class_weight': 'balanced', 'model__gamma': 'scale', 'pca__n_components': 20}",0.41025641025641024,0.5128205128205128,0.25,0.25,0.6923076923076923,0.423076923076923,0.16769897265826567,87
0.005414152145385742,0.0011712268821983563,0.002128934860229492,0.0001339036173089446,0.1,,0.001,30,"{'model__C': 0.1, 'model__class_weight': None, 'model__gamma': 0.001, 'pca__n_components': 30}",0.5641025641025641,0.4615384615384615,0.2916666666666667,0.25,0.5384615384615384,0.42115384615384616,0.12797415090736183,88
0.004728460311889648,0.00023001028079847998,0.002083444595336914,0.00010953340826488976,10.0,,scale,5,"{'model__C': 10, 'model__class_weight': None, 'model__gamma': 'scale', 'pca__n_components': 5}",0.6153846153846154,0.5128205128205128,0.375,0.25,0.34615384615384615,0.4198717948717949,0.12897206502522351,89
0.00757756233215332,0.001921786456341381,0.0030420303344726564,0.0015282794606348378,0.1,balanced,scale,20,"{'model__C': 0.1, 'model__class_weight': 'balanced', 'model__gamma': 'scale', 'pca__n_components': 20}",0.3846153846153846,0.5897435897435896,0.20833333333333331,0.41666666666666663,0.5,0.4198717948717948,0.12749805015848018,90
0.005965518951416016,0.0014745300862937245,0.002769279479980469,0.0009930302674596941,5.0,balanced,0.001,20,"{'model__C': 5, 'model__class_weight': 'balanced', 'model__gamma': 0.001, 'pca__n_components': 20}",0.33333333333333326,0.4871794871794871,0.25,0.33333333333333337,0.6923076923076923,0.4192307692307692,0.1565783040079182,91
0.005951595306396484,0.0022370870004298537,0.002865886688232422,0.0008933009034136969,1.0,,0.01,10,"{'model__C': 1, 'model__class_weight': None, 'model__gamma': 0.01, 'pca__n_components': 10}",0.8974358974358975,0.5128205128205128,0.125,0.25,0.30769230769230765,0.41858974358974355,0.270217970311543,92
0.0071256160736083984,0.0026825812102737956,0.0024938583374023438,0.0006538304279100206,0.5,,0.01,10,"{'model__C': 0.5, 'model__class_weight': None, 'model__gamma': 0.01, 'pca__n_components': 10}",0.8974358974358975,0.5128205128205128,0.125,0.25,0.30769230769230765,0.41858974358974355,0.270217970311543,92
0.006536340713500977,0.0015123961690532586,0.003356790542602539,0.0011441113223443157,0.1,,0.01,10,"{'model__C': 0.1, 'model__class_weight': None, 'model__gamma': 0.01, 'pca__n_components': 10}",0.8974358974358975,0.5128205128205128,0.125,0.25,0.30769230769230765,0.41858974358974355,0.270217970311543,92
0.004812908172607422,0.00018202026721469598,0.0025089263916015627,0.00040749599068225906,10.0,,0.01,10,"{'model__C': 10, 'model__class_weight': None, 'model__gamma': 0.01, 'pca__n_components': 10}",0.8974358974358975,0.5128205128205128,0.16666666666666669,0.16666666666666663,0.34615384615384615,0.41794871794871796,0.27215747462226336,95
0.006104421615600586,0.001359180197294881,0.003346157073974609,0.0012734630423310407,1.0,balanced,scale,30,"{'model__C': 1, 'model__class_weight': 'balanced', 'model__gamma': 'scale', 'pca__n_components': 30}",0.3846153846153846,0.5128205128205128,0.20833333333333331,0.25,0.7307692307692308,0.4173076923076923,0.18979555767894415,96
0.004619312286376953,0.00010186802015909184,0.0021691322326660156,0.00023188238496197429,10.0,,scale,30,"{'model__C': 10, 'model__class_weight': None, 'model__gamma': 'scale', 'pca__n_components': 30}",0.4871794871794871,0.5384615384615384,0.16666666666666663,0.08333333333333331,0.8076923076923076,0.41666666666666663,0.26317986689822115,97
0.0070285797119140625,0.0022943197583855384,0.0038381576538085937,0.0022968734302330897,2.0,,0.001,30,"{'model__C': 2, 'model__class_weight': None, 'model__gamma': 0.001, 'pca__n_components': 30}",0.5384615384615384,0.4615384615384615,0.2916666666666667,0.25,0.5384615384615384,0.41602564102564105,0.12254157072152327,98
0.007068634033203125,0.0016469473008940943,0.0038195133209228517,0.0014422849422143621,1.0,,0.001,30,"{'model__C': 1, 'model__class_weight': None, 'model__gamma': 0.001, 'pca__n_components': 30}",0.5384615384615384,0.4615384615384615,0.2916666666666667,0.25,0.5384615384615384,0.41602564102564105,0.12254157072152327,98
0.006204366683959961,0.0007177360286551722,0.0037225723266601563,0.0021054342399099337,5.0,,0.001,30,"{'model__C': 5, 'model__class_weight': None, 'model__gamma': 0.001, 'pca__n_components': 30}",0.5384615384615384,0.4615384615384615,0.2916666666666667,0.25,0.5384615384615384,0.41602564102564105,0.12254157072152327,98
0.0077515125274658205,0.0039222787075049274,0.003121471405029297,0.0014110902699458285,0.5,,0.001,30,"{'model__C': 0.5, 'model__class_weight': None, 'model__gamma': 0.001, 'pca__n_components': 30}",0.5384615384615384,0.4615384615384615,0.2916666666666667,0.25,0.5384615384615384,0.41602564102564105,0.12254157072152327,98
0.006357717514038086,0.00195676148752974,0.0033178329467773438,0.0014576736757363372,5.0,,scale,10,"{'model__C': 5, 'model__class_weight': None, 'model__gamma': 'scale', 'pca__n_components': 10}",0.8974358974358975,0.5384615384615384,0.125,0.20833333333333331,0.3076923076923077,0.41538461538461535,0.27796131346236397,102
0.004175376892089844,8.335959131919207e-05,0.0020572662353515623,6.107861491591602e-05,2.0,,scale,10,"{'model__C': 2, 'model__class_weight': None, 'model__gamma': 'scale', 'pca__n_components': 10}",0.8974358974358975,0.5384615384615384,0.125,0.20833333333333331,0.30769230769230765,0.41538461538461535,0.27796131346236397,102
0.006281328201293945,0.0017972887466789834,0.002924537658691406,0.0010749328180328633,0.1,,scale,5,"{'model__C': 0.1, 'model__class_weight': None, 'model__gamma': 'scale', 'pca__n_components': 5}",0.6666666666666666,0.5128205128205128,0.33333333333333337,0.25,0.30769230769230765,0.4141025641025641,0.15382478484072454,104
0.006115341186523437,0.0013137447288829704,0.0032321453094482423,0.00135353252890448,10.0,balanced,scale,5,"{'model__C': 10, 'model__class_weight': 'balanced', 'model__gamma': 'scale', 'pca__n_components': 5}",0.6410256410256411,0.43589743589743585,0.16666666666666663,0.25,0.5769230769230769,0.4141025641025641,0.18255617960335963,104
0.004664134979248047,0.0008539158024535396,0.002063465118408203,9.372020547718948e-05,2.0,,scale,5,"{'model__C': 2, 'model__class_weight': None, 'model__gamma': 'scale', 'pca__n_components': 5}",0.6666666666666666,0.5128205128205128,0.33333333333333337,0.25,0.30769230769230765,0.4141025641025641,0.15382478484072454,104
0.0076488018035888675,0.0016817073980469833,0.0035006046295166016,0.0011475267920055053,10.0,balanced,scale,20,"{'model__C': 10, 'model__class_weight': 'balanced', 'model__gamma': 'scale', 'pca__n_components': 20}",0.5128205128205128,0.5641025641025641,0.16666666666666669,0.25,0.5769230769230769,0.4141025641025641,0.17141174270111043,104
0.006805610656738281,0.0017615596199456068,0.0033568382263183595,0.001991245838931024,1.0,,scale,5,"{'model__C': 1, 'model__class_weight': None, 'model__gamma': 'scale', 'pca__n_components': 5}",0.6666666666666666,0.5128205128205128,0.33333333333333337,0.25,0.30769230769230765,0.4141025641025641,0.15382478484072454,104
0.006791400909423828,0.0015937231645518197,0.0036478042602539062,0.0018588816815146424,0.5,,scale,5,"{'model__C': 0.5, 'model__class_weight': None, 'model__gamma': 'scale', 'pca__n_components': 5}",0.6666666666666666,0.5128205128205128,0.33333333333333337,0.25,0.30769230769230765,0.4141025641025641,0.15382478484072454,104
0.0074885845184326175,0.00212749274066621,0.003322267532348633,0.0013244633026386094,10.0,balanced,0.001,30,"{'model__C': 10, 'model__class_weight': 'balanced', 'model__gamma': 0.001, 'pca__n_components': 30}",0.3589743589743589,0.4358974358974359,0.29166666666666663,0.25,0.7307692307692308,0.4134615384615385,0.1707103155474781,110
0.004964399337768555,0.000809400694140677,0.002067279815673828,6.746401582346904e-05,5.0,balanced,0.01,10,"{'model__C': 5, 'model__class_weight': 'balanced', 'model__gamma': 0.01, 'pca__n_components': 10}",0.717948717948718,0.43589743589743585,0.20833333333333331,0.16666666666666663,0.5384615384615384,0.41346153846153844,0.20582813279490156,111
0.006184291839599609,0.0018023005269122102,0.0031989097595214845,0.001338103806311501,10.0,balanced,scale,10,"{'model__C': 10, 'model__class_weight': 'balanced', 'model__gamma': 'scale', 'pca__n_components': 10}",0.7692307692307693,0.46153846153846156,0.16666666666666669,0.16666666666666663,0.5,0.41282051282051285,0.22723793888312335,112
0.006115531921386719,0.0014765234738826714,0.0025684356689453123,0.0005981555131529336,0.1,balanced,0.01,20,"{'model__C': 0.1, 'model__class_weight': 'balanced', 'model__gamma': 0.01, 'pca__n_components': 20}",0.41025641025641024,0.5641025641025641,0.20833333333333331,0.375,0.5,0.4115384615384615,0.12143333655477173,113
0.005623292922973633,0.0007033664146692518,0.0033852100372314454,0.001425636828171126,5.0,balanced,scale,15,"{'model__C': 5, 'model__class_weight': 'balanced', 'model__gamma': 'scale', 'pca__n_components': 15}",0.6153846153846154,0.4871794871794871,0.16666666666666669,0.16666666666666663,0.6153846153846154,0.4102564102564103,0.2043253519296055,114
0.0065228939056396484,0.0016613754472968342,0.0025951385498046873,0.0009079172629217447,0.5,balanced,scale,5,"{'model__C': 0.5, 'model__class_weight': 'balanced', 'model__gamma': 'scale', 'pca__n_components': 5}",0.5641025641025641,0.5641025641025641,0.08333333333333337,0.4166666666666667,0.4230769230769231,0.4102564102564103,0.1757392575764374,114
0.006394243240356446,0.0019695461672924255,0.0031400203704833986,0.0011830675111628645,0.5,balanced,0.01,20,"{'model__C': 0.5, 'model__class_weight': 'balanced', 'model__gamma': 0.01, 'pca__n_components': 20}",0.43589743589743585,0.5384615384615384,0.125,0.375,0.5769230769230769,0.41025641025641024,0.15967844496257885,116
0.007029151916503907,0.0018186389342600268,0.004002904891967774,0.0014116591331856663,2.0,,0.01,10,"{'model__C': 2, 'model__class_weight': None, 'model__gamma': 0.01, 'pca__n_components': 10}",0.8974358974358975,0.5128205128205128,0.125,0.20833333333333331,0.30769230769230765,0.41025641025641024,0.2758719962535103,116
0.007708454132080078,0.002295727427714013,0.00343937873840332,0.001133222436335472,1.0,balanced,0.01,30,"{'model__C': 1, 'model__class_weight': 'balanced', 'model__gamma': 0.01, 'pca__n_components': 30}",0.41025641025641024,0.4871794871794871,0.16666666666666663,0.2916666666666667,0.6923076923076923,0.4096153846153846,0.178251239192058,118
0.007233333587646484,0.0021710873084767775,0.0033342838287353516,0.0016090588030915915,1.0,balanced,0.01,20,"{'model__C': 1, 'model__class_weight': 'balanced', 'model__gamma': 0.01, 'pca__n_components': 20}",0.4358974358974358,0.4615384615384615,0.20833333333333331,0.25,0.6923076923076923,0.4096153846153846,0.1727965440275829,118
0.00889897346496582,0.0024722798528555245,0.004180097579956054,0.0018587227329723,10.0,balanced,scale,15,"{'model__C': 10, 'model__class_weight': 'balanced', 'model__gamma': 'scale', 'pca__n_components': 15}",0.6153846153846154,0.4358974358974359,0.20833333333333331,0.20833333333333331,0.5769230769230769,0.40897435897435896,0.1743848962631438,120
0.005496549606323242,0.0021441321045286223,0.0029271125793457033,0.001083724809240433,2.0,balanced,scale,10,"{'model__C': 2, 'model__class_weight': 'balanced', 'model__gamma': 'scale', 'pca__n_components': 10}",0.6923076923076923,0.48717948717948717,0.08333333333333337,0.16666666666666663,0.6153846153846154,0.40897435897435896,0.2423856881660815,120
0.004688549041748047,0.00015926870749079323,0.002428007125854492,0.0005909183854041493,10.0,,scale,10,"{'model__C': 10, 'model__class_weight': None, 'model__gamma': 'scale', 'pca__n_components': 10}",0.8974358974358975,0.4615384615384615,0.16666666666666669,0.20833333333333331,0.3076923076923077,0.4083333333333334,0.264795580665117,122
0.00767664909362793,0.002486396376214427,0.004506397247314453,0.0025099495748694333,2.0,balanced,0.01,15,"{'model__C': 2, 'model__class_weight': 'balanced', 'model__gamma': 0.01, 'pca__n_components': 15}",0.5641025641025641,0.48717948717948717,0.16666666666666669,0.16666666666666663,0.6538461538461539,0.4076923076923077,0.2037453387212198,123
0.005909776687622071,0.0023609304932314876,0.0027529716491699217,0.0011538910005440858,2.0,balanced,scale,20,"{'model__C': 2, 'model__class_weight': 'balanced', 'model__gamma': 'scale', 'pca__n_components': 20}",0.4871794871794871,0.43589743589743585,0.25,0.20833333333333331,0.6538461538461539,0.40705128205128205,0.1626740710314041,124
0.005097675323486328,0.0009207904479086978,0.0026642322540283204,0.0011250439221164215,10.0,balanced,0.01,10,"{'model__C': 10, 'model__class_weight': 'balanced', 'model__gamma': 0.01, 'pca__n_components': 10}",0.717948717948718,0.4871794871794871,0.125,0.16666666666666663,0.5384615384615384,0.40705128205128205,0.22701721935344846,124
0.004970121383666992,0.0005349031294831094,0.002207040786743164,0.000200468205276366,10.0,,0.01,20,"{'model__C': 10, 'model__class_weight': None, 'model__gamma': 0.01, 'pca__n_components': 20}",0.641025641025641,0.5897435897435896,0.20833333333333331,0.16666666666666663,0.4230769230769231,0.40576923076923066,0.19268765881421435,126
0.00631403923034668,0.002075947925712982,0.003282022476196289,0.0014674117119204467,5.0,,0.01,10,"{'model__C': 5, 'model__class_weight': None, 'model__gamma': 0.01, 'pca__n_components': 10}",0.8974358974358975,0.4871794871794871,0.125,0.20833333333333331,0.3076923076923077,0.40512820512820513,0.27415071175316436,127
0.004775524139404297,9.844048772321927e-05,0.002125263214111328,0.00021456490590097,10.0,,scale,20,"{'model__C': 10, 'model__class_weight': None, 'model__gamma': 'scale', 'pca__n_components': 20}",0.5897435897435898,0.5897435897435898,0.25,0.20833333333333331,0.3846153846153846,0.4044871794871795,0.16209712107280635,128
0.00827946662902832,0.0011039763359466787,0.004447507858276367,0.002234297465491942,2.0,balanced,scale,15,"{'model__C': 2, 'model__class_weight': 'balanced', 'model__gamma': 'scale', 'pca__n_components': 15}",0.5641025641025641,0.5128205128205128,0.125,0.16666666666666663,0.6538461538461539,0.4044871794871795,0.21636300978970435,128
0.008018159866333007,0.0028257971893025824,0.0038481235504150392,0.001648237195781164,5.0,balanced,scale,30,"{'model__C': 5, 'model__class_weight': 'balanced', 'model__gamma': 'scale', 'pca__n_components': 30}",0.41025641025641024,0.4615384615384615,0.16666666666666669,0.20833333333333331,0.7692307692307692,0.4032051282051282,0.21510589413965997,130
0.005779457092285156,0.0008968092893522618,0.003159761428833008,0.001248565989000046,1.0,balanced,scale,15,"{'model__C': 1, 'model__class_weight': 'balanced', 'model__gamma': 'scale', 'pca__n_components': 15}",0.5384615384615384,0.4871794871794871,0.125,0.16666666666666663,0.6923076923076923,0.4019230769230768,0.22012114887963266,131
0.006540632247924805,0.002311743267400254,0.0038516044616699217,0.0010940903477754504,1.0,balanced,0.01,15,"{'model__C': 1, 'model__class_weight': 'balanced', 'model__gamma': 0.01, 'pca__n_components': 15}",0.5384615384615384,0.4871794871794871,0.125,0.16666666666666663,0.6923076923076923,0.4019230769230768,0.22012114887963266,131
0.008060884475708009,0.0021022978710309452,0.004031085968017578,0.001096376131233124,2.0,balanced,0.01,5,"{'model__C': 2, 'model__class_weight': 'balanced', 'model__gamma': 0.01, 'pca__n_components': 5}",0.5641025641025641,0.4871794871794871,0.08333333333333337,0.29166666666666663,0.5769230769230769,0.40064102564102555,0.1885966722916235,133
0.005943441390991211,0.0015312463161562522,0.0032262325286865233,0.0013984867150367366,10.0,balanced,0.001,20,"{'model__C': 10, 'model__class_weight': 'balanced', 'model__gamma': 0.001, 'pca__n_components': 20}",0.3076923076923077,0.4615384615384615,0.25,0.25,0.7307692307692308,0.4,0.18260119185337262,134
0.005224800109863282,0.001446821923605891,0.0022235870361328124,0.00040520659938287934,10.0,balanced,0.01,15,"{'model__C': 10, 'model__class_weight': 'balanced', 'model__gamma': 0.01, 'pca__n_components': 15}",0.5897435897435898,0.48717948717948717,0.20833333333333331,0.20833333333333331,0.5,0.3987179487179487,0.159415743751008,135
0.005269813537597656,0.0013652672944232283,0.002076244354248047,8.47272140356883e-05,5.0,balanced,0.01,30,"{'model__C': 5, 'model__class_weight': 'balanced', 'model__gamma': 0.01, 'pca__n_components': 30}",0.4358974358974358,0.4871794871794871,0.20833333333333331,0.16666666666666663,0.6923076923076923,0.39807692307692305,0.19261087212430797,136
0.006922531127929688,0.0024919236995926946,0.004236745834350586,0.0020265554899313296,1.0,balanced,scale,10,"{'model__C': 1, 'model__class_weight': 'balanced', 'model__gamma': 'scale', 'pca__n_components': 10}",0.6153846153846154,0.4615384615384615,0.08333333333333337,0.25,0.5769230769230769,0.3974358974358974,0.20210106115941598,137
0.007210350036621094,0.0017829682703818942,0.0038520336151123048,0.0015659381686909785,2.0,balanced,0.01,10,"{'model__C': 2, 'model__class_weight': 'balanced', 'model__gamma': 0.01, 'pca__n_components': 10}",0.6923076923076923,0.46153846153846156,0.08333333333333337,0.16666666666666663,0.5769230769230769,0.39615384615384613,0.2345978695998235,138
0.007502460479736328,0.002581854960727153,0.0022867679595947265,0.0001798183587075085,10.0,balanced,0.01,5,"{'model__C': 10, 'model__class_weight': 'balanced', 'model__gamma': 0.01, 'pca__n_components': 5}",0.6410256410256411,0.3846153846153845,0.125,0.25,0.5769230769230769,0.3955128205128205,0.1937297846339235,139
0.007304096221923828,0.0016401380172044657,0.00270843505859375,0.0008594814184990373,1.0,balanced,0.01,10,"{'model__C': 1, 'model__class_weight': 'balanced', 'model__gamma': 0.01, 'pca__n_components': 10}",0.6153846153846154,0.4358974358974359,0.08333333333333337,0.25,0.5769230769230769,0.3923076923076923,0.2007300940994799,140
0.008764410018920898,0.002410360974379899,0.003914785385131836,0.0016063987922921284,5.0,balanced,0.01,15,"{'model__C': 5, 'model__class_weight': 'balanced', 'model__gamma': 0.01, 'pca__n_components': 15}",0.5641025641025641,0.4358974358974359,0.20833333333333331,0.20833333333333331,0.5384615384615384,0.39102564102564097,0.1552155931015964,141
0.007877826690673828,0.002944920466703895,0.004104089736938476,0.0016429591389095371,2.0,balanced,scale,5,"{'model__C': 2, 'model__class_weight': 'balanced', 'model__gamma': 'scale', 'pca__n_components': 5}",0.5641025641025641,0.43589743589743585,0.08333333333333337,0.29166666666666663,0.5769230769230769,0.3903846153846154,0.1849711671473993,142
0.008177423477172851,0.0026311537179448696,0.0034586429595947266,0.0011951778986660092,5.0,balanced,scale,20,"{'model__C': 5, 'model__class_weight': 'balanced', 'model__gamma': 'scale', 'pca__n_components': 20}",0.48717948717948717,0.4615384615384615,0.16666666666666669,0.25,0.5769230769230769,0.38846153846153847,0.1542516024891798,143
0.0054820537567138675,0.000844880828942734,0.0028668880462646485,0.0009697594343358766,0.1,balanced,0.1,5,"{'model__C': 0.1, 'model__class_weight': 'balanced', 'model__gamma': 0.1, 'pca__n_components': 5}",0.5384615384615384,0.48717948717948717,0.20833333333333337,0.20833333333333331,0.5,0.38846153846153847,0.14803945579936714,143
0.008923578262329101,0.000989901817298994,0.00491490364074707,0.001492706919801817,5.0,,scale,20,"{'model__C': 5, 'model__class_weight': None, 'model__gamma': 'scale', 'pca__n_components': 20}",0.6923076923076923,0.4871794871794871,0.16666666666666669,0.25,0.34615384615384615,0.3884615384615384,0.1855921454276674,145
0.004250144958496094,0.0001584293592952441,0.0019704818725585936,5.9090379436004736e-05,2.0,,scale,15,"{'model__C': 2, 'model__class_weight': None, 'model__gamma': 'scale', 'pca__n_components': 15}",0.7435897435897436,0.5128205128205128,0.16666666666666669,0.20833333333333331,0.3076923076923077,0.38782051282051283,0.2143557538710356,146
0.006655120849609375,0.0017069546599724904,0.002729654312133789,0.0008731710748364535,0.5,balanced,0.1,5,"{'model__C': 0.5, 'model__class_weight': 'balanced', 'model__gamma': 0.1, 'pca__n_components': 5}",0.5641025641025641,0.48717948717948717,0.25,0.16666666666666669,0.46153846153846156,0.38589743589743597,0.15117336382547358,147
0.00605306625366211,0.0011161803812175595,0.004173135757446289,0.0016926538708323666,5.0,balanced,0.01,20,"{'model__C': 5, 'model__class_weight': 'balanced', 'model__gamma': 0.01, 'pca__n_components': 20}",0.4871794871794871,0.48717948717948717,0.16666666666666669,0.25,0.5384615384615384,0.38589743589743586,0.14854100879959217,148
0.007023239135742187,0.002604528154031345,0.0033119678497314452,0.0014916601467107752,2.0,balanced,0.01,20,"{'model__C': 2, 'model__class_weight': 'balanced', 'model__gamma': 0.01, 'pca__n_components': 20}",0.4615384615384615,0.4358974358974359,0.20833333333333331,0.20833333333333331,0.6153846153846154,0.38589743589743586,0.15744456252776565,148
0.007197427749633789,0.002166330849752086,0.003959369659423828,0.0016087302159889787,10.0,balanced,scale,30,"{'model__C': 10, 'model__class_weight': 'balanced', 'model__gamma': 'scale', 'pca__n_components': 30}",0.4358974358974358,0.46153846153846145,0.20833333333333331,0.16666666666666663,0.6538461538461539,0.3852564102564102,0.17866570254972586,150
0.00859241485595703,0.002368296824092334,0.004269742965698242,0.0010966236398946222,5.0,balanced,0.01,5,"{'model__C': 5, 'model__class_weight': 'balanced', 'model__gamma': 0.01, 'pca__n_components': 5}",0.5641025641025641,0.4102564102564102,0.08333333333333337,0.29166666666666663,0.5769230769230769,0.38525641025641016,0.18399110975292549,151
0.0052433967590332035,0.0011270519238192284,0.002339935302734375,0.00038913300076880283,0.1,,scale,20,"{'model__C': 0.1, 'model__class_weight': None, 'model__gamma': 'scale', 'pca__n_components': 20}",0.6923076923076923,0.5897435897435896,0.125,0.20833333333333331,0.3076923076923077,0.3846153846153846,0.2196109314440664,152
0.0057866573333740234,0.001074153286611531,0.002903318405151367,0.000996323287537021,0.5,,scale,20,"{'model__C': 0.5, 'model__class_weight': None, 'model__gamma': 'scale', 'pca__n_components': 20}",0.6923076923076923,0.5897435897435896,0.125,0.20833333333333331,0.3076923076923077,0.3846153846153846,0.2196109314440664,152
0.006932401657104492,0.0021459184572110743,0.0036240100860595705,0.0017252943934982943,1.0,,scale,20,"{'model__C': 1, 'model__class_weight': None, 'model__gamma': 'scale', 'pca__n_components': 20}",0.6923076923076923,0.5897435897435896,0.125,0.20833333333333331,0.3076923076923077,0.3846153846153846,0.2196109314440664,152
0.006630659103393555,0.0036529806191843107,0.0027667999267578123,0.0014083373835184134,2.0,,scale,20,"{'model__C': 2, 'model__class_weight': None, 'model__gamma': 'scale', 'pca__n_components': 20}",0.6923076923076923,0.5897435897435896,0.125,0.20833333333333331,0.3076923076923077,0.3846153846153846,0.2196109314440664,152
0.006314563751220703,0.0017331699204758307,0.003571224212646484,0.0013161630908943033,0.1,,scale,15,"{'model__C': 0.1, 'model__class_weight': None, 'model__gamma': 'scale', 'pca__n_components': 15}",0.7692307692307693,0.5128205128205128,0.125,0.20833333333333331,0.3076923076923077,0.3846153846153846,0.23184400715888648,152
0.006248331069946289,0.0017225862595029514,0.003749179840087891,0.0014536091072871033,0.5,,0.01,30,"{'model__C': 0.5, 'model__class_weight': None, 'model__gamma': 0.01, 'pca__n_components': 30}",0.6153846153846154,0.48717948717948717,0.08333333333333337,0.25,0.46153846153846156,0.3794871794871796,0.18891885905255706,157
0.006702280044555664,0.0013665493302353862,0.003872966766357422,0.0015673776480321904,0.1,,0.01,30,"{'model__C': 0.1, 'model__class_weight': None, 'model__gamma': 0.01, 'pca__n_components': 30}",0.6153846153846154,0.48717948717948717,0.08333333333333337,0.25,0.46153846153846156,0.3794871794871796,0.18891885905255706,157
0.005272340774536133,0.0010991160978016403,0.0028919696807861326,0.0009723127715330801,1.0,,0.01,30,"{'model__C': 1, 'model__class_weight': None, 'model__gamma': 0.01, 'pca__n_components': 30}",0.6153846153846154,0.48717948717948717,0.08333333333333337,0.25,0.46153846153846156,0.3794871794871796,0.18891885905255706,157
0.0060921192169189455,0.001409335627828787,0.0031403064727783202,0.0013777378195476086,0.5,,scale,15,"{'model__C': 0.5, 'model__class_weight': None, 'model__gamma': 'scale', 'pca__n_components': 15}",0.7435897435897436,0.5128205128205128,0.125,0.20833333333333331,0.3076923076923077,0.37948717948717947,0.22341008131079315,160
0.005990457534790039,0.0021596097103416313,0.00270538330078125,0.0009436753543186054,1.0,,scale,15,"{'model__C': 1, 'model__class_weight': None, 'model__gamma': 'scale', 'pca__n_components': 15}",0.7435897435897436,0.5128205128205128,0.125,0.20833333333333331,0.3076923076923077,0.37948717948717947,0.22341008131079315,160
0.005001735687255859,0.0003465083927995249,0.002454662322998047,0.0006734825402705026,0.1,balanced,0.1,10,"{'model__C': 0.1, 'model__class_weight': 'balanced', 'model__gamma': 0.1, 'pca__n_components': 10}",0.5384615384615384,0.5641025641025641,0.25,0.041666666666666685,0.5,0.3788461538461539,0.20236926689616042,162
0.006274986267089844,0.00181509937598401,0.0030414581298828123,0.0012605689011663142,0.5,balanced,0.01,30,"{'model__C': 0.5, 'model__class_weight': 'balanced', 'model__gamma': 0.01, 'pca__n_components': 30}",0.33333333333333326,0.5128205128205128,0.16666666666666663,0.25,0.6153846153846154,0.37564102564102564,0.16585601670560235,163
0.008943510055541993,0.001648399464815119,0.0031221389770507814,0.001222934205806724,2.0,balanced,0.1,10,"{'model__C': 2, 'model__class_weight': 'balanced', 'model__gamma': 0.1, 'pca__n_components': 10}",0.4871794871794871,0.5897435897435896,0.2916666666666667,0.0,0.5,0.37371794871794867,0.21065862092343207,164
0.005689048767089843,0.0013220097812704102,0.0029463768005371094,0.0014355354461693438,5.0,,0.01,15,"{'model__C': 5, 'model__class_weight': None, 'model__gamma': 0.01, 'pca__n_components': 15}",0.7692307692307693,0.4102564102564102,0.16666666666666663,0.20833333333333331,0.3076923076923077,0.37243589743589745,0.2155638753418572,165
0.008806276321411132,0.003150701320401379,0.003297710418701172,0.0017898489637616314,5.0,,0.01,20,"{'model__C': 5, 'model__class_weight': None, 'model__gamma': 0.01, 'pca__n_components': 20}",0.6666666666666667,0.5128205128205128,0.20833333333333331,0.16666666666666663,0.3076923076923077,0.3724358974358974,0.1896006044758824,166
0.005267333984375,0.0005722154656012436,0.002098417282104492,8.623631316200138e-05,10.0,,scale,15,"{'model__C': 10, 'model__class_weight': None, 'model__gamma': 'scale', 'pca__n_components': 15}",0.7435897435897436,0.43589743589743585,0.20833333333333331,0.16666666666666663,0.3076923076923077,0.3724358974358974,0.20748248343799125,166
0.008225011825561523,0.002190768448840402,0.004175996780395508,0.001759357047261103,5.0,balanced,0.1,20,"{'model__C': 5, 'model__class_weight': 'balanced', 'model__gamma': 0.1, 'pca__n_components': 20}",0.5897435897435898,0.5128205128205128,0.25,0.08333333333333331,0.423076923076923,0.3717948717948718,0.1833378159753217,168
0.008923196792602539,0.002778598878002217,0.0038765430450439452,0.0013807559491722137,5.0,,0.1,20,"{'model__C': 5, 'model__class_weight': None, 'model__gamma': 0.1, 'pca__n_components': 20}",0.5897435897435898,0.5128205128205128,0.25,0.08333333333333331,0.423076923076923,0.3717948717948718,0.1833378159753217,168
0.0062793254852294925,0.0009270935385350963,0.0031951427459716796,0.0013067182407246404,0.5,,0.1,20,"{'model__C': 0.5, 'model__class_weight': None, 'model__gamma': 0.1, 'pca__n_components': 20}",0.5897435897435898,0.5128205128205128,0.25,0.08333333333333331,0.423076923076923,0.3717948717948718,0.1833378159753217,168
0.005603933334350586,0.0016447892442604897,0.003464031219482422,0.0011423493105989554,0.1,,0.1,20,"{'model__C': 0.1, 'model__class_weight': None, 'model__gamma': 0.1, 'pca__n_components': 20}",0.5897435897435898,0.5128205128205128,0.25,0.08333333333333331,0.423076923076923,0.3717948717948718,0.1833378159753217,168
0.005365800857543945,0.0005038089873834146,0.0024147987365722655,0.00034832109405795903,10.0,,0.1,20,"{'model__C': 10, 'model__class_weight': None, 'model__gamma': 0.1, 'pca__n_components': 20}",0.5897435897435898,0.5128205128205128,0.25,0.08333333333333331,0.423076923076923,0.3717948717948718,0.1833378159753217,168
0.005960798263549805,0.0016896752899359547,0.002513265609741211,0.0008364024504862112,10.0,balanced,0.1,20,"{'model__C': 10, 'model__class_weight': 'balanced', 'model__gamma': 0.1, 'pca__n_components': 20}",0.5897435897435898,0.5128205128205128,0.25,0.08333333333333331,0.423076923076923,0.3717948717948718,0.1833378159753217,168
0.005691003799438476,0.0014317452228530777,0.002648019790649414,0.0010493728440313043,1.0,,0.1,20,"{'model__C': 1, 'model__class_weight': None, 'model__gamma': 0.1, 'pca__n_components': 20}",0.5897435897435898,0.5128205128205128,0.25,0.08333333333333331,0.423076923076923,0.3717948717948718,0.1833378159753217,168
0.007581949234008789,0.0034164538609320273,0.004052257537841797,0.001687439933533752,2.0,,0.1,20,"{'model__C': 2, 'model__class_weight': None, 'model__gamma': 0.1, 'pca__n_components': 20}",0.5897435897435898,0.5128205128205128,0.25,0.08333333333333331,0.423076923076923,0.3717948717948718,0.1833378159753217,168
0.007873868942260743,0.0030450020556171634,0.004868125915527344,0.0020697659272370925,5.0,balanced,scale,5,"{'model__C': 5, 'model__class_weight': 'balanced', 'model__gamma': 'scale', 'pca__n_components': 5}",0.6153846153846154,0.33333333333333326,0.08333333333333337,0.25,0.5769230769230769,0.37179487179487175,0.20046789450143448,176
0.006512069702148437,0.0025946009220757394,0.0031251907348632812,0.0008828108983009172,2.0,,0.01,15,"{'model__C': 2, 'model__class_weight': None, 'model__gamma': 0.01, 'pca__n_components': 15}",0.7692307692307693,0.4871794871794871,0.125,0.20833333333333331,0.2692307692307692,0.37179487179487175,0.2321274134924063,176
0.008455610275268555,0.002951342193515958,0.005428123474121094,0.0002911287241754134,2.0,,0.01,30,"{'model__C': 2, 'model__class_weight': None, 'model__gamma': 0.01, 'pca__n_components': 30}",0.6153846153846154,0.48717948717948717,0.08333333333333337,0.20833333333333331,0.46153846153846156,0.37115384615384617,0.1952593985999582,178
0.008056831359863282,0.002817438902320605,0.002802610397338867,0.0010933904111271322,2.0,,0.01,20,"{'model__C': 2, 'model__class_weight': None, 'model__gamma': 0.01, 'pca__n_components': 20}",0.7435897435897436,0.5128205128205128,0.08333333333333337,0.20833333333333331,0.3076923076923077,0.37115384615384617,0.23330515468057272,178
0.008110857009887696,0.0015164034953999127,0.004680728912353516,0.0015372492344200395,2.0,balanced,0.01,30,"{'model__C': 2, 'model__class_weight': 'balanced', 'model__gamma': 0.01, 'pca__n_components': 30}",0.30769230769230765,0.4358974358974359,0.125,0.25,0.7307692307692307,0.3698717948717949,0.20630272720718681,180
0.0055654048919677734,0.0006200301301546965,0.002436256408691406,0.0006046505865703839,0.1,balanced,0.01,30,"{'model__C': 0.1, 'model__class_weight': 'balanced', 'model__gamma': 0.01, 'pca__n_components': 30}",0.3589743589743589,0.4871794871794871,0.20833333333333331,0.29166666666666663,0.5,0.36923076923076914,0.11226919490048412,181
0.005671119689941407,0.0011003525464943883,0.00296173095703125,0.0012768866883666836,5.0,,scale,15,"{'model__C': 5, 'model__class_weight': None, 'model__gamma': 'scale', 'pca__n_components': 15}",0.7435897435897436,0.41025641025641024,0.16666666666666663,0.20833333333333331,0.3076923076923077,0.3673076923076922,0.20616325402694735,182
0.008050823211669922,0.002124404908296856,0.0032606601715087892,0.0010127044777036712,1.0,balanced,0.1,5,"{'model__C': 1, 'model__class_weight': 'balanced', 'model__gamma': 0.1, 'pca__n_components': 5}",0.5384615384615384,0.4615384615384615,0.29166666666666663,0.041666666666666685,0.5,0.36666666666666664,0.18305295038047878,183
0.006109428405761719,0.0017064343366800566,0.0033149242401123045,0.00119071651537349,0.1,,0.01,20,"{'model__C': 0.1, 'model__class_weight': None, 'model__gamma': 0.01, 'pca__n_components': 20}",0.7435897435897436,0.4871794871794871,0.08333333333333337,0.20833333333333331,0.3076923076923077,0.36602564102564106,0.23039856271010525,184
0.006041812896728516,0.0011128230064178693,0.002884531021118164,0.0009549280341999487,0.5,,0.01,20,"{'model__C': 0.5, 'model__class_weight': None, 'model__gamma': 0.01, 'pca__n_components': 20}",0.7435897435897436,0.4871794871794871,0.08333333333333337,0.20833333333333331,0.3076923076923077,0.36602564102564106,0.23039856271010525,184
0.008377504348754884,0.0014240767347835513,0.0033979415893554688,0.001588399092231914,2.0,balanced,0.1,5,"{'model__C': 2, 'model__class_weight': 'balanced', 'model__gamma': 0.1, 'pca__n_components': 5}",0.4615384615384615,0.4871794871794871,0.41666666666666663,0.041666666666666685,0.423076923076923,0.36602564102564106,0.1642127034239798,184
0.007431316375732422,0.0021675100726418076,0.0034822463989257813,0.0011932439835140752,1.0,,0.01,20,"{'model__C': 1, 'model__class_weight': None, 'model__gamma': 0.01, 'pca__n_components': 20}",0.7435897435897436,0.4871794871794871,0.08333333333333337,0.20833333333333331,0.3076923076923077,0.36602564102564106,0.23039856271010525,184
0.0068397045135498045,0.0028776307058909407,0.003528261184692383,0.0018990439197054897,5.0,,0.1,10,"{'model__C': 5, 'model__class_weight': None, 'model__gamma': 0.1, 'pca__n_components': 10}",0.4871794871794871,0.5897435897435896,0.2916666666666667,0.0,0.46153846153846156,0.36602564102564095,0.2065694560455155,188
0.0063320636749267575,0.001732969859390031,0.0026725292205810546,0.0006025432633509234,10.0,balanced,0.1,10,"{'model__C': 10, 'model__class_weight': 'balanced', 'model__gamma': 0.1, 'pca__n_components': 10}",0.4871794871794871,0.5897435897435896,0.2916666666666667,0.0,0.46153846153846156,0.36602564102564095,0.2065694560455155,188
0.0049403667449951175,0.000348973319025044,0.0020813941955566406,0.00011709192518013004,10.0,,0.1,10,"{'model__C': 10, 'model__class_weight': None, 'model__gamma': 0.1, 'pca__n_components': 10}",0.4871794871794871,0.5897435897435896,0.2916666666666667,0.0,0.46153846153846156,0.36602564102564095,0.2065694560455155,188
0.007094001770019532,0.0026881192496569827,0.0032288074493408204,0.0012728001746004566,5.0,balanced,0.1,10,"{'model__C': 5, 'model__class_weight': 'balanced', 'model__gamma': 0.1, 'pca__n_components': 10}",0.4871794871794871,0.5897435897435896,0.2916666666666667,0.0,0.46153846153846156,0.36602564102564095,0.2065694560455155,188
0.007417154312133789,0.0018122333890695196,0.003976345062255859,0.0015576835367185468,2.0,balanced,0.1,20,"{'model__C': 2, 'model__class_weight': 'balanced', 'model__gamma': 0.1, 'pca__n_components': 20}",0.5897435897435898,0.5128205128205128,0.25,0.041666666666666685,0.423076923076923,0.3634615384615385,0.19671864388529878,192
0.006075763702392578,0.00098012750549997,0.0031975269317626952,0.0012548034426076878,0.1,,0.01,15,"{'model__C': 0.1, 'model__class_weight': None, 'model__gamma': 0.01, 'pca__n_components': 15}",0.7692307692307693,0.4871794871794871,0.08333333333333337,0.20833333333333331,0.2692307692307692,0.36346153846153845,0.24140041784491634,193
0.007052803039550781,0.0005543641946869523,0.00411534309387207,0.0012942483733054666,1.0,,0.01,15,"{'model__C': 1, 'model__class_weight': None, 'model__gamma': 0.01, 'pca__n_components': 15}",0.7692307692307693,0.4871794871794871,0.08333333333333337,0.20833333333333331,0.2692307692307692,0.36346153846153845,0.24140041784491634,193
0.007059240341186523,0.0021762715505586755,0.0035981655120849608,0.0009820570890718284,0.5,,0.01,15,"{'model__C': 0.5, 'model__class_weight': None, 'model__gamma': 0.01, 'pca__n_components': 15}",0.7692307692307693,0.4871794871794871,0.08333333333333337,0.20833333333333331,0.2692307692307692,0.36346153846153845,0.24140041784491634,193
0.007326650619506836,0.002729651733655109,0.00322113037109375,0.0015835396501985622,10.0,balanced,0.01,20,"{'model__C': 10, 'model__class_weight': 'balanced', 'model__gamma': 0.01, 'pca__n_components': 20}",0.5128205128205128,0.5641025641025641,0.125,0.20833333333333331,0.38461538461538464,0.3589743589743589,0.16961155683027,196
0.007639646530151367,0.0023017910495260886,0.0039255619049072266,0.0012763440366117213,1.0,balanced,0.1,20,"{'model__C': 1, 'model__class_weight': 'balanced', 'model__gamma': 0.1, 'pca__n_components': 20}",0.5897435897435898,0.4871794871794871,0.25,0.041666666666666685,0.423076923076923,0.3583333333333333,0.19305836393929296,197
0.00641937255859375,0.0016839880340267079,0.003931808471679688,0.001761889272998319,0.5,balanced,0.1,10,"{'model__C': 0.5, 'model__class_weight': 'balanced', 'model__gamma': 0.1, 'pca__n_components': 10}",0.5384615384615384,0.5384615384615384,0.20833333333333337,0.0,0.5,0.357051282051282,0.2171894769597232,198
0.0077441692352294925,0.0014501510678566643,0.003278350830078125,0.0010717307636257103,1.0,balanced,0.1,10,"{'model__C': 1, 'model__class_weight': 'balanced', 'model__gamma': 0.1, 'pca__n_components': 10}",0.5128205128205128,0.5384615384615384,0.20833333333333337,0.0,0.5,0.3519230769230769,0.21310993603988004,199
0.0049669742584228516,0.0003054981094088457,0.0020880699157714844,9.008083705180117e-05,10.0,,0.01,15,"{'model__C': 10, 'model__class_weight': None, 'model__gamma': 0.01, 'pca__n_components': 15}",0.7179487179487181,0.43589743589743585,0.16666666666666663,0.125,0.3076923076923077,0.35064102564102567,0.21391055415944796,200
0.006039571762084961,0.00195915001023215,0.0029912471771240236,0.0012318571442364885,5.0,,0.1,5,"{'model__C': 5, 'model__class_weight': None, 'model__gamma': 0.1, 'pca__n_components': 5}",0.4615384615384615,0.4871794871794871,0.5416666666666666,0.125,0.11538461538461536,0.34615384615384615,0.1863279718225304,201
0.009507846832275391,0.003006336402540194,0.0036268234252929688,0.001701780465672099,10.0,balanced,0.01,30,"{'model__C': 10, 'model__class_weight': 'balanced', 'model__gamma': 0.01, 'pca__n_components': 30}",0.3846153846153846,0.5128205128205128,0.16666666666666663,0.08333333333333331,0.5769230769230769,0.3448717948717948,0.1917256148095397,202
0.00657496452331543,0.0010012585340749486,0.0021311283111572266,0.00015120946125284668,10.0,balanced,0.1,5,"{'model__C': 10, 'model__class_weight': 'balanced', 'model__gamma': 0.1, 'pca__n_components': 5}",0.4102564102564102,0.4871794871794871,0.5416666666666666,0.16666666666666669,0.11538461538461536,0.34423076923076923,0.17185704959757672,203
0.006156730651855469,0.0015334881610995,0.003036785125732422,0.0010824264975721866,0.5,balanced,0.1,20,"{'model__C': 0.5, 'model__class_weight': 'balanced', 'model__gamma': 0.1, 'pca__n_components': 20}",0.5128205128205128,0.4871794871794871,0.20833333333333337,0.041666666666666685,0.4615384615384615,0.3423076923076923,0.1858023629564769,204
0.004966926574707031,0.00034926176493511174,0.0021407604217529297,0.00034416387097015096,0.1,balanced,0.1,20,"{'model__C': 0.1, 'model__class_weight': 'balanced', 'model__gamma': 0.1, 'pca__n_components': 20}",0.5128205128205128,0.4871794871794871,0.20833333333333337,0.041666666666666685,0.4615384615384615,0.3423076923076923,0.1858023629564769,204
0.005285930633544922,0.0008905213375890176,0.00237126350402832,0.0006879384629660817,10.0,,0.01,30,"{'model__C': 10, 'model__class_weight': None, 'model__gamma': 0.01, 'pca__n_components': 30}",0.30769230769230765,0.5384615384615384,0.16666666666666663,0.08333333333333331,0.5769230769230769,0.3346153846153846,0.19613289648475007,206
0.004914188385009765,0.0004325519306877235,0.002128887176513672,0.0001246315329099497,10.0,,0.1,5,"{'model__C': 10, 'model__class_weight': None, 'model__gamma': 0.1, 'pca__n_components': 5}",0.3846153846153846,0.4615384615384615,0.5416666666666666,0.16666666666666669,0.11538461538461536,0.333974358974359,0.16597984716432979,207
0.00496368408203125,0.0005531456427472007,0.0021897315979003905,0.0001880830722788787,2.0,,0.1,5,"{'model__C': 2, 'model__class_weight': None, 'model__gamma': 0.1, 'pca__n_components': 5}",0.46153846153846145,0.4615384615384615,0.5416666666666666,0.16666666666666669,0.038461538461538436,0.33397435897435895,0.19544870743665402,208
0.006781959533691406,0.0007791395810900562,0.0034183979034423826,0.001412603473815145,0.5,balanced,0.1,15,"{'model__C': 0.5, 'model__class_weight': 'balanced', 'model__gamma': 0.1, 'pca__n_components': 15}",0.4615384615384615,0.4871794871794871,0.25,0.0,0.46153846153846156,0.33205128205128204,0.18686309754873895,209
0.005664730072021484,0.0015134268647589441,0.0021328449249267576,7.091602629707878e-05,0.1,balanced,0.1,15,"{'model__C': 0.1, 'model__class_weight': 'balanced', 'model__gamma': 0.1, 'pca__n_components': 15}",0.4615384615384615,0.4871794871794871,0.25,0.0,0.46153846153846156,0.33205128205128204,0.18686309754873895,209
0.008059167861938476,0.0024786338734057176,0.00386962890625,0.001606615240046226,5.0,balanced,0.1,5,"{'model__C': 5, 'model__class_weight': 'balanced', 'model__gamma': 0.1, 'pca__n_components': 5}",0.43589743589743585,0.4615384615384615,0.5416666666666666,0.125,0.07692307692307693,0.32820512820512815,0.1894076200904374,211
0.006489086151123047,0.0011520037227373664,0.002965974807739258,0.0011122195631190262,0.1,,0.1,5,"{'model__C': 0.1, 'model__class_weight': None, 'model__gamma': 0.1, 'pca__n_components': 5}",0.46153846153846145,0.41025641025641024,0.5416666666666666,0.16666666666666669,0.038461538461538436,0.32371794871794873,0.1897479209484876,212
0.005811929702758789,0.0015941654004121835,0.002830839157104492,0.0013006256391955844,1.0,,0.1,5,"{'model__C': 1, 'model__class_weight': None, 'model__gamma': 0.1, 'pca__n_components': 5}",0.46153846153846145,0.41025641025641024,0.5416666666666666,0.16666666666666669,0.038461538461538436,0.32371794871794873,0.1897479209484876,212
0.007325363159179687,0.0017159594997653,0.003209638595581055,0.0010910487290623294,0.5,,0.1,5,"{'model__C': 0.5, 'model__class_weight': None, 'model__gamma': 0.1, 'pca__n_components': 5}",0.46153846153846145,0.41025641025641024,0.5416666666666666,0.16666666666666669,0.038461538461538436,0.32371794871794873,0.1897479209484876,212
0.006071996688842773,0.001244465575114766,0.004035282135009766,0.0020281702662415307,1.0,,0.1,30,"{'model__C': 1, 'model__class_weight': None, 'model__gamma': 0.1, 'pca__n_components': 30}",0.5128205128205128,0.5128205128205128,0.45833333333333337,0.08333333333333331,0.038461538461538436,0.3211538461538462,0.213899028081786,215
0.006023311614990234,0.0018038848931636806,0.0026148319244384765,0.0009040852588921012,10.0,balanced,0.1,30,"{'model__C': 10, 'model__class_weight': 'balanced', 'model__gamma': 0.1, 'pca__n_components': 30}",0.5128205128205128,0.5128205128205128,0.45833333333333337,0.08333333333333331,0.038461538461538436,0.3211538461538462,0.213899028081786,215
0.0051516532897949215,0.00039089150599517955,0.0028864860534667967,0.0010548813842289402,2.0,balanced,0.1,30,"{'model__C': 2, 'model__class_weight': 'balanced', 'model__gamma': 0.1, 'pca__n_components': 30}",0.5128205128205128,0.5128205128205128,0.45833333333333337,0.08333333333333331,0.038461538461538436,0.3211538461538462,0.213899028081786,215
0.007590961456298828,0.00239468772301285,0.0035364627838134766,0.0021843502856530085,2.0,,0.1,30,"{'model__C': 2, 'model__class_weight': None, 'model__gamma': 0.1, 'pca__n_components': 30}",0.5128205128205128,0.5128205128205128,0.45833333333333337,0.08333333333333331,0.038461538461538436,0.3211538461538462,0.213899028081786,215
0.00826725959777832,0.0018044213751351886,0.0034399509429931642,0.0009577442632558495,0.5,,0.1,30,"{'model__C': 0.5, 'model__class_weight': None, 'model__gamma': 0.1, 'pca__n_components': 30}",0.5128205128205128,0.5128205128205128,0.45833333333333337,0.08333333333333331,0.038461538461538436,0.3211538461538462,0.213899028081786,215
0.004667139053344727,0.0001532113926399295,0.0020290374755859374,0.0001296417197861023,10.0,,0.1,30,"{'model__C': 10, 'model__class_weight': None, 'model__gamma': 0.1, 'pca__n_components': 30}",0.5128205128205128,0.5128205128205128,0.45833333333333337,0.08333333333333331,0.038461538461538436,0.3211538461538462,0.213899028081786,215
0.005726766586303711,0.0014868031974374675,0.0026779651641845705,0.0007263944107949134,5.0,,0.1,30,"{'model__C': 5, 'model__class_weight': None, 'model__gamma': 0.1, 'pca__n_components': 30}",0.5128205128205128,0.5128205128205128,0.45833333333333337,0.08333333333333331,0.038461538461538436,0.3211538461538462,0.213899028081786,215
0.009589099884033203,0.0026669812784649834,0.003461933135986328,0.001276708081776122,5.0,balanced,0.1,30,"{'model__C': 5, 'model__class_weight': 'balanced', 'model__gamma': 0.1, 'pca__n_components': 30}",0.5128205128205128,0.5128205128205128,0.45833333333333337,0.08333333333333331,0.038461538461538436,0.3211538461538462,0.213899028081786,215
0.006105661392211914,0.0013992841452033537,0.0031957626342773438,0.0013493053659588783,1.0,balanced,0.1,30,"{'model__C': 1, 'model__class_weight': 'balanced', 'model__gamma': 0.1, 'pca__n_components': 30}",0.5128205128205128,0.5128205128205128,0.45833333333333337,0.08333333333333331,0.038461538461538436,0.3211538461538462,0.213899028081786,215
0.007398843765258789,0.002904325840682422,0.003354787826538086,0.0010706132603119816,0.1,,0.1,30,"{'model__C': 0.1, 'model__class_weight': None, 'model__gamma': 0.1, 'pca__n_components': 30}",0.5128205128205128,0.5128205128205128,0.45833333333333337,0.08333333333333331,0.038461538461538436,0.3211538461538462,0.213899028081786,215
0.007315397262573242,0.0026651088392810936,0.003005790710449219,0.0010451440077705158,0.5,balanced,0.1,30,"{'model__C': 0.5, 'model__class_weight': 'balanced', 'model__gamma': 0.1, 'pca__n_components': 30}",0.5128205128205128,0.4871794871794871,0.45833333333333337,0.041666666666666685,0.038461538461538436,0.30769230769230765,0.21919890306717185,225
0.004912757873535156,0.00038202182037892253,0.002286195755004883,0.00030496851021583575,0.1,balanced,0.1,30,"{'model__C': 0.1, 'model__class_weight': 'balanced', 'model__gamma': 0.1, 'pca__n_components': 30}",0.5128205128205128,0.4871794871794871,0.45833333333333337,0.041666666666666685,0.038461538461538436,0.30769230769230765,0.21919890306717185,225
0.004305219650268555,0.00011504743706267209,0.001978158950805664,0.00015138321921892675,1.0,,0.1,10,"{'model__C': 1, 'model__class_weight': None, 'model__gamma': 0.1, 'pca__n_components': 10}",0.5641025641025641,0.5897435897435896,0.2916666666666667,0.0,0.07692307692307693,0.30448717948717946,0.24225341950866727,227
0.006150197982788086,0.0013996868209296793,0.0034238815307617186,0.0015734108317019449,0.5,,0.1,10,"{'model__C': 0.5, 'model__class_weight': None, 'model__gamma': 0.1, 'pca__n_components': 10}",0.5641025641025641,0.5897435897435896,0.25,0.0,0.07692307692307693,0.2961538461538461,0.24326564133698644,228
0.005251407623291016,0.0010485424999532706,0.0020760536193847657,0.00013831882993352987,0.1,,0.1,10,"{'model__C': 0.1, 'model__class_weight': None, 'model__gamma': 0.1, 'pca__n_components': 10}",0.5641025641025641,0.5897435897435896,0.25,0.0,0.07692307692307693,0.2961538461538461,0.24326564133698644,228
0.006311845779418945,0.0025212421951488796,0.003012418746948242,0.0010750862399686758,2.0,,0.1,10,"{'model__C': 2, 'model__class_weight': None, 'model__gamma': 0.1, 'pca__n_components': 10}",0.5641025641025641,0.5897435897435896,0.25,0.0,0.07692307692307693,0.2961538461538461,0.24326564133698644,228
0.006388139724731445,0.0018812263022625112,0.0026557445526123047,0.00044219904640232653,0.1,,0.1,15,"{'model__C': 0.1, 'model__class_weight': None, 'model__gamma': 0.1, 'pca__n_components': 15}",0.5641025641025641,0.4871794871794871,0.3333333333333333,0.041666666666666685,0.0,0.28525641025641024,0.22871234326809325,231
0.005794954299926758,0.0016847572820028202,0.0027411937713623046,0.001179761262194894,0.5,,0.1,15,"{'model__C': 0.5, 'model__class_weight': None, 'model__gamma': 0.1, 'pca__n_components': 15}",0.5641025641025641,0.4871794871794871,0.3333333333333333,0.041666666666666685,0.0,0.28525641025641024,0.22871234326809325,231
0.006841611862182617,0.002551646447530508,0.003713369369506836,0.0014888892578206988,1.0,,0.1,15,"{'model__C': 1, 'model__class_weight': None, 'model__gamma': 0.1, 'pca__n_components': 15}",0.5641025641025641,0.4871794871794871,0.3333333333333333,0.041666666666666685,0.0,0.28525641025641024,0.22871234326809325,231
0.006585884094238281,0.0016485058721298544,0.0020933628082275392,0.00013612731291120386,10.0,balanced,0.1,15,"{'model__C': 10, 'model__class_weight': 'balanced', 'model__gamma': 0.1, 'pca__n_components': 15}",0.5641025641025641,0.5128205128205128,0.3333333333333333,0.0,0.0,0.28205128205128205,0.24271096546049706,234
0.009599637985229493,0.0019667273963929082,0.005604267120361328,0.0008506470057879982,2.0,balanced,0.1,15,"{'model__C': 2, 'model__class_weight': 'balanced', 'model__gamma': 0.1, 'pca__n_components': 15}",0.5641025641025641,0.5128205128205128,0.3333333333333333,0.0,0.0,0.28205128205128205,0.24271096546049706,234
0.005498075485229492,0.0016708652693240484,0.0021317005157470703,0.00015045765193591365,5.0,,0.1,15,"{'model__C': 5, 'model__class_weight': None, 'model__gamma': 0.1, 'pca__n_components': 15}",0.5641025641025641,0.5128205128205128,0.3333333333333333,0.0,0.0,0.28205128205128205,0.24271096546049706,234
0.008611679077148438,0.0015588709369544706,0.00480198860168457,0.001429940284498653,5.0,balanced,0.1,15,"{'model__C': 5, 'model__class_weight': 'balanced', 'model__gamma': 0.1, 'pca__n_components': 15}",0.5641025641025641,0.5128205128205128,0.3333333333333333,0.0,0.0,0.28205128205128205,0.24271096546049706,234
0.006113290786743164,0.001996974400730926,0.002683687210083008,0.0008997687395979623,2.0,,0.1,15,"{'model__C': 2, 'model__class_weight': None, 'model__gamma': 0.1, 'pca__n_components': 15}",0.5641025641025641,0.5128205128205128,0.3333333333333333,0.0,0.0,0.28205128205128205,0.24271096546049706,234
0.005068731307983398,0.00034428278158988044,0.0021779537200927734,0.0002163046563934613,10.0,,0.1,15,"{'model__C': 10, 'model__class_weight': None, 'model__gamma': 0.1, 'pca__n_components': 15}",0.5641025641025641,0.5128205128205128,0.3333333333333333,0.0,0.0,0.28205128205128205,0.24271096546049706,234
0.006968927383422851,0.0008205025312128145,0.0034684658050537108,0.001617987775840858,1.0,balanced,0.1,15,"{'model__C': 1, 'model__class_weight': 'balanced', 'model__gamma': 0.1, 'pca__n_components': 15}",0.5384615384615384,0.4871794871794871,0.375,0.0,0.0,0.28012820512820513,0.23475545769548622,240
